"","V1","V2","V3","V4","V5","V6","V7","V8","V9","V10","V11","V12","V13","V14","V15","V16","V17","V18","V19","V20","V21","V22","V23","V24","V25","V26","V27","V28","V29","V30","V31","V32","V33","V34","V35","V36","V37","V38","V39","V40","V41","V42","V43","V44","V45","V46","V47","V48","V49","V50","V51","V52","V53","V54","V55","V56","V57","V58","V59","V60","V61","V62","V63","V64","V65","V66","V67","V68","V69","V70","V71","V72","V73","V74","V75","V76","V77","V78","V79","V80","V81","V82","V83","V84","V85","V86","V87","V88","V89","V90","V91","V92","V93","V94","V95","V96","V97","V98","V99","V100","V101","V102","V103","V104"
"1",0,10,8,8,8,6,8,6,8,6,8,4,2,8,4,4,6,8,4,8,8,6,10,6,8,8,4,4,6,6,8,6,10,6,6,6,6,2,4,6,4,4,4,8,8,8,4,4,6,8,6,8,10,4,4,4,1e-09,8,2,6,8,6,4,8,2,10,8,8,4,4,6,6,8,6,4,4,4,6,8,2,10,8,8,6,8,6,8,8,8,4,8,8,8,2,4,2,8,8,8,8,6,8,4,2
"2",10,0,4,4,8,1e-09,4,6,6,10,4,4,6,6,6,6,2,4,8,6,10,8,6,8,10,6,4,6,2,6,8,8,1e-09,6,4,6,6,8,8,6,2,8,8,6,6,8,2,2,4,8,6,4,10,8,10,4,4,8,6,6,4,8,6,6,8,8,6,8,8,8,6,6,10,6,6,6,6,10,8,2,8,10,4,6,2,2,8,2,6,8,6,10,4,4,6,4,6,4,4,8,2,6,8,4
"3",8,4,0,6,10,10,6,1e-09,6,6,8,8,6,6,10,6,4,8,4,4,8,8,4,4,8,8,6,4,4,6,6,6,8,4,4,8,6,2,6,8,8,6,8,10,8,8,8,4,4,10,6,8,4,4,4,4,6,6,8,4,6,2,4,10,4,8,4,6,6,2,4,8,6,6,2,2,4,8,10,4,6,10,6,6,8,6,6,6,8,4,6,10,4,6,6,4,8,8,10,6,6,4,4,8
"4",8,4,6,0,6,8,8,10,8,8,6,8,6,8,6,6,10,8,4,6,6,8,2,6,8,6,4,4,6,6,4,8,4,6,8,6,8,6,8,8,6,6,6,4,4,4,6,6,8,6,10,6,8,8,8,6,8,10,8,6,6,6,2,4,4,6,6,6,6,10,4,6,6,6,4,6,2,6,4,8,6,2,8,6,4,6,8,6,6,6,8,4,8,4,8,2,6,8,6,10,4,8,4,6
"5",8,8,10,6,0,4,8,6,10,8,2,10,10,8,8,2,6,6,8,6,4,8,6,10,8,2,2,6,4,8,10,8,4,6,6,8,8,6,4,6,4,6,4,8,10,8,10,4,4,6,6,6,8,6,6,4,8,8,8,8,2,6,6,8,6,8,4,6,6,10,6,6,6,4,4,2,2,6,8,8,6,8,4,2,6,2,4,6,8,8,8,8,4,8,8,4,4,4,10,4,2,6,6,8
"6",6,1e-09,10,8,4,0,10,6,4,6,2,4,6,4,8,4,10,4,8,10,1e-09,8,10,4,8,8,6,6,2,8,6,2,8,8,2,4,1e-09,6,6,6,6,6,8,8,10,8,2,4,6,1e-09,8,6,6,4,8,6,8,8,4,6,4,8,6,8,10,6,8,10,10,6,8,8,4,10,8,6,4,6,8,6,10,8,6,8,6,4,6,8,10,6,6,8,8,4,8,6,6,2,6,8,6,4,8,6
"7",8,4,6,8,8,10,0,6,8,6,8,8,8,10,8,10,1e-09,4,6,8,6,1e-09,6,6,10,6,6,6,4,2,6,4,6,6,2,6,4,4,4,6,6,6,8,8,4,1e-09,8,6,6,10,6,10,6,2,6,2,8,4,6,6,6,8,4,8,8,6,8,8,8,10,4,4,6,8,4,6,6,8,6,4,10,8,6,6,6,8,8,4,6,4,10,8,8,6,2,6,4,6,6,10,6,2,8,8
"8",6,6,1e-09,10,6,6,6,0,10,6,10,8,6,10,10,6,8,6,8,8,4,6,4,8,6,4,4,4,4,8,4,8,8,8,8,8,4,4,6,6,8,6,2,8,8,6,10,6,4,6,4,8,6,2,2,6,6,6,4,6,6,2,6,8,6,2,8,4,4,6,8,6,4,10,8,4,8,8,6,6,10,6,2,4,4,6,2,4,4,4,10,8,4,8,6,2,8,4,10,4,6,6,8,8
"9",8,6,6,8,10,4,8,10,0,10,10,4,4,8,6,10,4,8,2,6,4,10,6,6,6,2,2,4,4,4,8,4,6,4,8,6,4,6,1e-09,6,6,6,6,8,10,6,8,1e-09,4,6,6,4,4,8,8,4,4,8,4,8,6,6,6,8,4,4,2,8,8,4,4,6,4,8,8,4,4,6,8,6,4,8,4,8,4,8,8,6,10,6,8,8,6,6,10,8,4,4,2,8,8,8,4,6
"10",6,10,6,8,8,6,6,6,10,0,6,8,6,10,4,1e-09,8,6,6,10,8,6,4,6,6,4,4,4,6,10,8,2,6,8,6,6,4,8,4,6,6,4,6,6,6,10,8,6,6,6,2,8,6,6,6,4,10,4,8,8,6,8,8,6,4,4,6,6,8,8,6,2,6,8,6,4,4,10,2,6,8,8,6,8,8,6,4,6,10,4,10,8,8,6,8,6,6,4,10,4,8,4,6,8
"11",8,4,8,6,2,2,8,10,10,6,0,6,2,6,8,8,4,2,8,10,2,8,8,8,6,4,6,4,6,6,6,2,4,6,6,8,6,6,4,4,8,6,4,6,8,6,6,6,6,8,8,8,8,8,4,6,6,10,6,1e-09,4,4,4,6,6,6,4,2,6,4,8,4,8,6,6,4,4,4,6,10,6,6,6,6,6,8,8,8,8,10,6,4,4,8,4,8,4,4,2,6,10,10,8,6
"12",4,4,8,8,10,4,8,8,4,8,6,0,8,1e-09,8,6,8,6,4,4,10,8,6,6,6,6,4,6,4,1e-09,6,8,4,8,8,8,4,4,4,8,6,4,4,2,10,8,8,6,4,6,8,6,10,4,2,2,6,1e-09,2,4,6,4,6,2,8,2,4,2,4,2,6,4,6,10,6,6,6,6,8,10,2,4,6,6,6,8,8,6,8,10,2,6,4,6,10,6,4,4,2,6,8,8,2,6
"13",2,6,6,6,10,6,8,6,4,6,2,8,0,6,8,4,6,8,8,8,10,6,6,8,4,6,4,4,6,6,6,6,6,6,4,6,2,6,4,4,6,2,6,8,8,8,6,6,1e-09,6,6,4,8,6,4,6,4,8,2,4,8,8,4,8,4,4,8,8,4,4,4,6,6,8,6,2,6,10,4,6,10,6,6,6,8,4,4,4,8,8,6,8,4,4,6,8,8,8,4,6,6,8,6,6
"14",8,6,6,8,8,4,10,10,8,10,6,1e-09,6,0,6,6,6,6,6,8,6,8,4,6,4,4,6,4,2,6,10,6,8,6,8,6,6,6,8,2,8,6,2,6,2,8,6,8,6,8,6,4,6,10,4,4,8,4,8,4,8,6,6,6,10,6,4,10,6,8,4,4,6,8,6,2,8,4,6,4,6,6,4,4,4,8,8,2,8,4,4,6,6,4,6,4,8,6,6,4,2,8,4,4
"15",4,6,10,6,8,8,8,10,6,4,8,8,8,6,0,6,6,8,8,6,10,8,8,6,6,4,6,4,4,6,10,6,4,6,8,6,8,6,6,4,6,6,4,8,8,4,2,2,6,10,8,6,4,4,6,4,8,4,8,4,6,2,6,8,6,8,6,10,8,8,6,6,6,4,1e-09,4,2,6,4,4,6,4,6,4,6,6,6,6,10,4,6,2,4,4,6,8,6,10,6,6,4,4,2,6
"16",4,6,6,6,2,4,10,6,10,1e-09,8,6,4,6,6,0,10,8,8,6,6,8,4,10,8,6,6,6,4,6,8,6,4,2,6,8,6,8,6,6,6,4,6,8,8,4,4,2,4,4,8,8,1e-09,6,6,6,6,8,6,6,8,4,6,8,6,4,6,6,6,4,8,6,8,6,4,6,6,4,6,6,6,4,8,4,8,4,6,6,8,4,10,2,4,2,4,6,8,6,4,8,6,4,8,10
"17",6,2,4,10,6,10,1e-09,8,4,8,4,8,6,6,6,10,0,10,4,6,10,8,8,6,8,6,2,4,1e-09,8,6,6,6,6,4,2,8,4,6,8,2,6,8,6,4,6,4,4,4,8,4,6,6,8,4,2,6,6,6,4,4,4,4,6,10,10,4,4,2,6,4,4,6,8,6,6,4,10,8,6,6,8,8,8,6,6,6,6,8,10,4,8,6,2,6,4,10,10,8,6,4,8,8,6
"18",8,4,8,8,6,4,4,6,8,6,2,6,8,6,8,8,10,0,6,4,6,8,6,6,6,1e-09,4,6,2,8,8,4,6,6,8,6,6,6,8,2,8,6,6,8,4,8,6,6,4,10,10,2,4,6,4,4,6,8,8,2,4,2,6,8,6,8,4,4,6,4,6,8,10,4,8,6,6,8,4,6,6,4,6,8,4,6,8,4,8,10,8,2,8,6,2,4,4,6,6,4,6,2,6,8
"19",4,8,4,4,8,8,6,8,2,6,8,4,8,6,8,8,4,6,0,6,8,2,4,10,6,6,4,2,6,2,8,10,4,4,8,6,2,8,6,6,4,8,4,8,4,2,2,6,4,6,10,6,4,6,6,6,10,6,4,6,4,6,4,8,6,8,6,8,8,6,4,8,4,10,8,2,6,6,8,8,8,4,8,2,2,6,6,6,8,10,8,4,8,4,6,4,6,6,4,6,10,6,6,8
"20",8,6,4,6,6,10,8,8,6,10,10,4,8,8,6,6,6,4,6,0,8,8,2,10,6,4,2,6,4,8,10,8,6,6,2,1e-09,8,4,6,6,8,4,2,8,6,2,4,6,2,10,8,8,8,8,4,4,10,6,8,8,4,4,4,8,6,8,6,8,6,6,6,6,8,1e-09,4,4,1e-09,6,6,6,8,4,4,6,6,4,10,6,10,2,8,4,4,6,6,6,6,4,6,6,8,8,6,8
"21",8,10,8,6,4,1e-09,6,4,4,8,2,10,10,6,10,6,10,6,8,8,0,2,2,6,8,2,2,4,6,4,6,10,1e-09,4,8,6,4,6,4,8,2,6,2,6,2,8,6,6,8,6,10,6,2,6,2,2,8,4,8,6,8,8,6,6,6,4,4,10,8,8,8,8,6,8,4,6,6,8,4,2,6,2,2,4,4,2,6,6,6,8,10,4,10,4,4,6,8,6,8,6,8,10,4,10
"22",6,8,8,8,8,8,1e-09,6,10,6,8,8,6,8,8,8,8,8,2,8,2,0,8,8,4,4,4,4,4,8,2,8,6,2,6,6,6,6,6,8,6,4,4,4,8,8,8,8,6,8,6,8,10,8,6,4,6,4,6,8,6,4,4,4,10,4,1e-09,4,8,4,6,10,8,4,2,4,8,8,8,8,2,4,6,4,4,4,8,6,8,6,6,6,8,8,6,8,8,6,8,8,8,10,8,6
"23",10,6,4,2,6,10,6,4,6,4,8,6,6,4,8,4,8,6,4,2,2,8,0,8,10,4,6,6,6,4,8,8,4,6,4,8,6,2,4,2,4,6,6,6,4,4,4,2,8,8,1e-09,8,10,6,6,4,8,6,4,6,6,8,6,6,6,6,6,8,10,6,6,6,4,4,8,4,6,6,8,6,8,10,8,8,4,4,6,6,6,2,6,10,10,4,4,4,8,6,8,6,8,6,4,4
"24",6,8,4,6,10,4,6,8,6,6,8,6,8,6,6,10,6,6,10,10,6,8,8,0,4,6,4,2,6,10,6,6,4,8,6,8,6,4,4,6,6,6,2,4,4,8,10,8,6,6,6,10,6,6,4,4,8,8,8,2,6,4,6,4,8,4,6,8,4,6,4,4,2,8,4,2,6,4,8,6,8,6,6,6,2,8,10,6,4,10,8,6,8,8,4,6,8,8,10,6,10,6,2,8
"25",8,10,8,8,8,8,10,6,6,6,6,6,4,4,6,8,8,6,6,6,8,4,10,4,0,6,4,6,6,1e-09,10,10,6,8,8,6,6,6,2,8,4,6,8,8,6,10,8,6,8,6,4,4,10,10,2,6,10,4,8,8,8,4,6,8,8,6,4,4,8,2,8,2,8,6,2,4,8,8,4,10,6,6,6,8,6,8,10,6,8,4,8,6,8,8,2,6,8,8,8,8,4,4,6,8
"26",8,6,8,6,2,8,6,4,2,4,4,6,6,4,4,6,6,1e-09,6,4,2,4,4,6,6,0,6,4,6,4,10,8,8,6,4,6,6,6,8,4,6,4,4,8,10,6,8,8,4,6,6,8,6,6,4,6,6,4,2,4,6,2,6,8,8,8,4,8,4,8,8,6,4,8,4,4,4,10,8,4,6,6,4,6,4,6,4,6,6,4,8,6,6,6,8,6,4,10,8,4,8,10,2,4
"27",4,4,6,4,2,6,6,4,2,4,6,4,4,6,6,6,2,4,4,2,2,4,6,4,4,6,0,4,4,6,6,8,4,6,8,6,6,6,6,4,4,6,8,6,8,8,8,6,8,10,10,4,10,6,6,4,2,6,8,6,6,8,2,6,4,10,4,6,4,4,2,10,6,6,2,8,8,8,8,10,6,8,8,8,6,6,8,10,6,4,4,8,10,6,8,4,6,6,10,6,8,4,10,6
"28",4,6,4,4,6,6,6,4,4,4,4,6,4,4,4,6,4,6,2,6,4,4,6,2,6,4,4,0,6,8,4,4,4,2,6,6,6,6,4,8,1e-09,4,8,8,6,6,4,6,6,8,6,4,6,10,4,6,8,4,6,6,4,6,8,8,4,10,4,2,8,6,2,6,8,2,2,4,6,8,4,8,6,8,8,4,6,4,8,4,4,8,8,8,8,6,4,6,6,8,6,6,6,4,4,8
"29",6,2,4,6,4,2,4,4,4,6,6,4,6,2,4,4,1e-09,2,6,4,6,4,6,6,6,6,4,6,0,8,8,6,6,6,4,2,6,4,6,6,2,4,4,8,4,8,4,6,6,4,8,8,8,10,4,2,6,6,4,6,6,4,8,8,6,8,2,6,8,2,2,4,8,4,6,2,8,10,4,8,4,10,10,6,2,6,6,8,8,8,8,10,6,6,4,6,4,8,6,2,4,6,10,8
"30",6,6,6,6,8,8,2,8,4,10,6,1e-09,6,6,6,6,8,8,2,8,4,8,4,10,1e-09,4,6,8,8,0,4,8,4,8,6,8,2,6,8,2,8,6,8,10,4,10,6,4,2,8,8,8,8,6,6,4,10,4,6,6,4,6,4,10,8,6,8,6,6,1e-09,4,8,8,8,6,8,4,8,6,6,10,4,8,8,2,8,6,6,8,8,8,4,6,4,8,6,6,8,4,4,8,2,8,4
"31",8,8,6,4,10,6,6,4,8,8,6,6,6,10,10,8,6,8,8,10,6,2,8,6,10,10,6,4,8,4,0,4,6,8,4,6,8,8,6,4,4,4,8,6,6,6,4,6,4,6,8,6,6,8,6,4,10,6,8,6,4,6,6,6,2,6,6,6,8,6,4,4,8,6,2,2,4,6,4,8,8,8,4,2,6,8,4,4,6,8,4,8,6,2,6,6,8,4,4,4,6,6,10,4
"32",6,8,6,8,8,2,4,8,4,2,2,8,6,6,6,6,6,4,10,8,10,8,8,6,10,8,8,4,6,8,4,0,4,8,6,6,2,8,6,4,8,6,6,4,8,10,6,6,6,2,10,8,8,8,6,1e-09,6,6,4,6,2,8,8,4,2,10,8,10,2,4,6,8,6,4,4,6,6,4,6,6,8,6,6,2,4,8,4,8,6,8,6,6,8,4,10,8,8,8,6,6,8,6,6,2
"33",10,1e-09,8,4,4,8,6,8,6,6,4,4,6,8,4,4,6,6,4,6,1e-09,6,4,4,6,8,4,4,6,4,6,4,0,4,6,4,8,6,4,2,2,6,10,6,4,8,8,8,6,2,6,2,8,8,2,2,4,4,8,6,8,6,4,6,8,2,6,6,6,8,6,6,4,6,6,4,6,8,6,4,8,6,4,6,8,4,6,8,4,4,4,4,4,6,6,8,4,8,6,4,6,6,6,8
"34",6,6,4,6,6,8,6,8,4,8,6,8,6,6,6,2,6,6,4,6,4,2,6,8,8,6,6,2,6,8,8,8,4,0,6,6,4,8,4,6,6,6,4,8,10,6,10,8,8,8,4,6,8,10,4,6,8,6,6,6,6,6,8,8,8,6,8,8,8,6,4,6,10,4,4,4,8,8,1e-09,4,10,8,6,8,4,6,8,8,6,6,8,8,10,8,10,4,10,6,8,6,10,8,10,4
"35",6,4,4,8,6,2,2,8,8,6,6,8,4,8,8,6,4,8,8,2,8,6,4,6,8,4,8,6,4,6,4,6,6,6,0,8,8,4,6,4,6,6,8,8,6,6,10,6,2,10,8,8,8,8,4,4,4,6,4,2,4,8,8,8,4,6,4,6,4,8,6,4,6,6,4,2,6,10,6,8,6,2,8,4,8,4,10,8,2,6,8,2,2,8,6,6,8,4,2,6,6,8,6,2
"36",6,6,8,6,8,4,6,8,6,6,8,8,6,6,6,8,2,6,6,1e-09,6,6,8,8,6,6,6,6,2,8,6,6,4,6,8,0,4,4,6,8,6,2,6,8,6,6,8,4,6,10,8,4,8,8,2,6,6,8,6,8,6,6,6,8,8,4,8,4,8,8,8,8,6,6,6,6,8,6,8,10,10,6,8,6,4,2,8,8,10,4,4,4,8,6,8,8,8,6,8,4,10,10,2,4
"37",6,6,6,8,8,1e-09,4,4,4,4,6,4,2,6,8,6,8,6,2,8,4,6,6,6,6,6,6,6,6,2,8,2,8,4,8,4,0,4,8,4,6,8,8,2,10,10,6,6,4,6,8,8,2,8,2,4,8,6,4,2,8,6,4,2,10,6,6,6,6,2,6,6,4,8,2,6,8,8,8,6,8,4,6,6,8,8,6,4,2,6,10,6,6,4,10,8,8,6,4,8,10,8,6,2
"38",2,8,2,6,6,6,4,4,6,8,6,4,6,6,6,8,4,6,8,4,6,6,2,4,6,6,6,6,4,6,8,8,6,8,4,4,4,0,8,8,6,8,6,6,6,6,6,8,6,4,6,6,8,8,4,6,6,8,6,8,6,8,8,6,6,6,6,2,8,4,8,8,8,4,4,6,8,4,4,8,6,4,4,6,8,6,4,10,8,8,2,8,4,4,4,8,10,8,6,8,4,6,6,2
"39",4,8,6,8,4,6,4,6,1e-09,4,4,4,4,8,6,6,6,8,6,6,4,6,4,4,2,8,6,4,6,8,6,6,4,4,6,6,8,8,0,4,4,4,8,6,6,10,10,8,6,4,4,8,2,10,6,6,8,4,6,4,6,6,8,6,8,6,2,8,8,8,6,6,8,6,4,4,10,6,6,8,4,4,4,8,2,4,2,2,8,8,10,8,6,8,8,4,6,4,8,6,8,2,10,6
"40",6,6,8,8,6,6,6,6,6,6,4,8,4,2,4,6,8,2,6,6,8,8,2,6,8,4,4,8,6,2,4,4,2,6,4,8,4,8,4,0,4,6,4,6,6,6,2,6,4,8,6,8,10,6,4,6,8,8,6,8,4,6,2,6,6,6,4,8,4,8,4,2,6,6,4,4,8,4,8,8,6,4,8,4,8,4,6,4,8,4,6,8,8,2,8,6,10,8,6,8,8,6,8,4
"41",4,2,8,6,4,6,6,8,6,6,8,6,6,8,6,6,2,8,4,8,2,6,4,6,4,6,4,1e-09,2,8,4,8,2,6,6,6,6,6,4,4,0,8,2,6,6,6,6,4,6,8,6,4,6,6,4,6,2,6,6,4,4,2,6,6,8,8,6,6,6,6,8,4,6,6,6,4,2,10,8,10,8,6,8,8,6,8,6,8,6,10,6,6,8,4,6,6,8,6,8,4,8,4,6,6
"42",4,8,6,6,6,6,6,6,6,4,6,4,2,6,6,4,6,6,8,4,6,4,6,6,6,4,6,4,4,6,4,6,6,6,6,2,8,8,4,6,8,0,1e-09,6,10,2,6,6,4,10,6,6,4,6,6,4,4,8,6,2,6,8,6,6,10,2,6,6,8,6,6,4,6,8,2,4,4,4,8,6,8,4,6,4,8,8,4,8,4,8,6,6,8,4,6,6,4,6,6,8,6,4,6,4
"43",4,8,8,6,4,8,8,2,6,6,4,4,6,2,4,6,8,6,4,2,2,4,6,2,8,4,8,8,4,8,8,6,10,4,8,6,8,6,8,4,2,1e-09,0,8,8,8,4,4,10,4,2,8,2,6,4,6,8,6,8,8,6,4,4,8,6,2,8,8,6,4,4,6,10,4,6,8,8,4,4,6,6,2,10,8,6,6,6,6,8,6,4,6,4,4,10,4,6,8,10,4,4,6,6,6
"44",8,6,10,4,8,8,8,8,8,6,6,2,8,6,8,8,6,8,8,8,6,4,6,4,8,8,6,8,8,10,6,4,6,8,8,8,2,6,6,6,6,6,8,0,6,6,6,8,8,8,4,6,6,6,6,6,4,6,6,2,8,8,4,8,10,4,2,8,4,6,6,8,10,8,4,8,8,8,6,6,4,6,2,8,6,6,4,6,6,8,8,8,8,4,6,6,6,4,4,6,6,10,8,6
"45",8,6,8,4,10,10,4,8,10,6,8,10,8,2,8,8,4,4,4,6,2,8,4,4,6,10,8,6,4,4,6,8,4,10,6,6,10,6,6,6,6,10,8,6,0,8,6,8,4,8,10,4,10,4,4,6,2,6,8,6,8,2,6,6,8,6,6,4,6,4,6,8,8,6,2,6,8,6,6,8,8,8,10,4,8,8,10,10,4,10,4,2,8,6,10,6,8,6,4,8,8,8,8,6
"46",8,8,8,4,8,8,1e-09,6,6,10,6,8,8,8,4,4,6,8,2,2,8,8,4,8,10,6,8,6,8,10,6,10,8,6,6,6,10,6,10,6,6,2,8,6,8,0,8,8,8,4,6,6,6,4,4,6,2,2,4,6,6,6,2,8,6,6,4,10,6,8,6,4,6,4,6,2,4,8,6,6,6,6,6,6,6,4,10,8,8,6,8,8,6,8,8,4,8,8,4,4,8,6,6,6
"47",4,2,8,6,10,2,8,10,8,8,6,8,6,6,2,4,4,6,2,4,6,8,4,10,8,8,8,4,4,6,4,6,8,10,10,8,6,6,10,2,6,6,4,6,6,8,0,2,4,8,10,6,4,6,6,6,8,6,6,6,6,6,4,4,6,6,6,10,10,8,6,6,8,6,6,4,4,2,4,2,8,8,8,6,8,8,6,8,6,10,8,2,6,6,6,2,6,6,6,6,10,8,10,4
"48",4,2,4,6,4,4,6,6,1e-09,6,6,6,6,8,2,2,4,6,6,6,6,8,2,8,6,8,6,6,6,4,6,6,8,8,6,4,6,8,8,6,4,6,4,8,8,8,2,0,6,6,1e-09,10,6,8,6,8,6,6,8,4,8,6,6,10,6,6,6,8,8,4,4,10,8,6,6,8,8,6,6,4,8,6,4,6,6,8,10,10,8,8,8,8,4,8,6,4,6,4,4,6,6,6,4,6
"49",6,4,4,8,4,6,6,4,4,6,6,4,1e-09,6,6,4,4,4,4,2,8,6,8,6,8,4,8,6,6,2,4,6,6,8,2,6,4,6,6,4,6,4,10,8,4,8,4,6,0,2,8,8,4,8,6,8,6,4,6,4,8,6,8,10,10,8,4,10,8,6,6,2,10,8,4,4,6,10,6,6,4,2,6,8,6,6,8,6,8,2,6,8,6,10,8,4,8,6,4,10,6,10,6,4
"50",8,8,10,6,6,1e-09,10,6,6,6,8,6,6,8,10,4,8,10,6,10,6,8,8,6,6,6,10,8,4,8,6,2,2,8,10,10,6,4,4,8,8,10,4,8,8,4,8,6,2,0,4,8,8,6,4,2,6,6,6,6,6,6,6,4,6,2,6,6,6,8,6,6,6,6,6,4,6,6,4,8,8,8,6,4,4,4,6,8,2,6,6,6,6,6,8,6,8,6,8,6,2,6,10,2
"51",6,6,6,10,6,8,6,4,6,2,8,8,6,6,8,8,4,10,10,8,10,6,1e-09,6,4,6,10,6,8,8,8,10,6,4,8,8,8,6,4,6,6,6,2,4,10,6,10,1e-09,8,4,0,6,6,6,4,8,6,4,8,8,6,4,4,8,10,8,4,1e-09,10,8,4,8,2,8,6,6,6,6,2,10,6,4,2,4,8,8,4,10,4,6,8,8,8,8,4,2,8,2,6,10,8,6,4,8
"52",8,4,8,6,6,6,10,8,4,8,8,6,4,4,6,8,6,2,6,8,6,8,8,10,4,8,4,4,8,8,6,8,2,6,8,4,8,6,8,8,4,6,8,6,4,6,6,10,8,8,6,0,6,6,4,4,6,2,8,6,6,4,2,10,6,6,10,6,10,8,8,6,8,6,2,4,8,6,4,6,8,6,6,6,8,8,8,8,8,8,10,6,8,6,4,8,6,8,4,10,4,8,6,2
"53",10,10,4,8,8,6,6,6,4,6,8,10,8,6,4,1e-09,6,4,4,8,2,10,10,6,10,6,10,6,8,8,6,8,8,8,8,8,2,8,2,10,6,4,2,6,10,6,4,6,4,8,6,6,0,8,4,8,4,6,6,4,6,4,2,6,6,8,6,4,4,6,4,6,6,4,2,4,6,6,4,6,6,6,8,4,6,2,8,6,8,8,8,4,2,6,8,6,6,8,6,6,6,4,4,8
"54",4,8,4,8,6,4,2,2,8,6,8,4,6,10,4,6,8,6,6,8,6,8,6,6,10,6,6,10,10,6,8,8,8,10,8,8,8,8,10,6,6,6,6,6,4,4,6,8,8,6,6,6,8,0,6,4,10,8,6,6,6,8,4,8,2,6,6,6,8,6,8,8,10,2,6,6,6,8,6,6,6,6,8,8,6,8,4,4,6,8,6,6,4,8,10,6,8,6,8,8,6,6,6,6
"55",4,10,4,8,6,8,6,2,8,6,4,2,4,4,6,6,4,4,6,4,2,6,6,4,2,4,6,4,4,6,6,6,2,4,4,2,2,4,6,4,4,6,4,6,4,4,6,6,6,4,4,4,4,6,0,10,8,8,6,6,6,6,6,10,8,6,6,10,8,6,4,6,10,8,6,4,8,6,2,4,4,6,8,4,2,6,6,8,6,6,6,8,8,8,6,6,8,8,8,8,6,4,8,8
"56",4,4,4,6,4,6,2,6,4,4,6,2,6,4,4,6,2,4,6,4,2,4,4,4,6,6,4,6,2,4,4,1e-09,2,6,4,6,4,6,6,6,6,4,6,6,6,6,6,8,8,2,8,4,8,4,10,0,10,6,6,6,4,6,2,8,6,6,8,6,6,8,8,8,6,8,4,6,6,1e-09,8,8,6,6,6,4,4,6,4,2,4,8,8,6,8,6,8,2,10,4,8,8,6,6,10,8
"57",1e-09,4,6,8,8,8,8,6,4,10,6,6,4,8,8,6,6,6,10,10,8,6,8,8,10,6,2,8,6,10,10,6,4,8,4,6,8,6,8,8,2,4,8,4,2,2,8,6,6,6,6,6,4,10,8,10,0,6,2,8,8,6,8,2,8,4,6,8,6,6,2,8,4,6,4,8,10,6,6,6,8,6,8,4,8,6,6,6,6,8,4,10,8,6,8,2,6,2,10,8,6,4,6,4
"58",8,8,6,10,8,8,4,6,8,4,10,1e-09,8,4,4,8,6,8,6,6,4,4,6,8,4,4,6,4,6,4,6,6,4,6,6,8,6,8,4,8,6,8,6,6,6,2,6,6,4,6,4,2,6,8,8,6,6,0,8,4,4,6,4,8,4,6,6,8,6,6,4,6,8,4,2,4,10,2,6,4,8,6,10,4,6,8,4,6,4,8,8,6,6,10,8,8,8,6,6,2,4,6,6,8
"59",2,6,8,8,8,4,6,4,4,8,6,2,2,8,8,6,6,8,4,8,8,6,4,8,8,2,8,6,4,6,8,4,8,6,4,6,4,6,6,6,6,6,8,6,8,4,6,8,6,6,8,8,6,6,6,6,2,8,0,6,2,6,8,8,2,6,8,8,4,6,8,10,4,4,4,8,2,6,6,6,6,6,8,6,4,4,4,4,8,6,4,8,6,8,10,4,6,2,8,6,4,2,6,6
"60",6,6,4,6,8,6,6,6,8,8,1e-09,4,4,4,4,6,4,2,6,8,6,8,6,2,8,4,6,6,6,6,6,6,6,6,2,8,2,8,4,8,4,2,8,2,6,6,6,4,4,6,8,6,4,6,6,6,8,4,6,0,4,6,8,4,8,8,10,10,6,6,1e-09,4,6,6,6,6,8,4,2,2,6,2,6,6,6,8,8,8,8,4,6,6,6,6,6,4,4,4,10,8,6,6,6,4
"61",8,4,6,6,2,4,6,6,6,6,4,6,8,8,6,8,4,4,4,4,8,6,6,6,8,6,6,4,6,4,4,2,8,6,4,6,8,6,6,4,4,6,6,8,8,6,6,8,8,6,6,6,6,6,6,4,8,4,2,4,0,6,4,4,6,8,4,6,8,8,4,4,8,6,6,6,10,2,2,8,6,8,4,4,8,6,8,6,4,8,6,10,8,10,8,6,6,8,6,6,6,4,8,4
"62",6,8,2,6,6,8,8,2,6,8,4,4,8,6,2,4,4,2,6,4,8,4,8,4,4,2,8,6,4,6,6,8,6,6,8,6,6,8,6,6,2,8,4,8,2,6,6,6,6,6,4,4,4,8,6,6,6,6,6,6,6,0,8,4,10,6,8,4,10,4,6,10,6,8,6,8,6,6,8,8,6,2,8,6,6,6,4,4,6,8,6,10,6,6,6,8,4,4,6,10,6,6,8,8
"63",4,6,4,2,6,6,4,6,6,8,4,6,4,6,6,6,4,6,4,4,6,4,6,6,6,6,2,8,8,4,6,8,4,8,8,6,4,8,8,2,6,6,4,4,6,2,4,6,8,6,4,2,2,4,6,2,8,4,8,8,4,8,0,6,2,4,10,8,8,8,6,10,8,6,4,8,8,6,4,2,10,8,6,4,6,6,6,8,8,8,8,4,6,4,6,8,8,8,4,2,8,4,4,2
"64",8,6,10,4,8,8,8,8,8,6,6,2,8,6,8,8,6,8,8,8,6,4,6,4,8,8,6,8,8,10,6,4,6,8,8,8,2,6,6,6,6,6,8,8,6,8,4,10,10,4,8,10,6,8,10,8,2,8,8,4,4,4,6,0,8,6,6,8,6,4,6,6,8,6,6,4,10,6,4,8,10,4,6,6,4,4,4,4,8,10,8,6,6,8,8,8,8,6,4,6,8,2,4,10
"65",2,8,4,4,6,10,8,6,4,4,6,8,4,10,6,6,10,6,6,6,6,10,6,8,8,8,4,4,6,8,2,2,8,8,4,8,10,6,8,6,8,10,6,10,8,6,6,6,10,6,10,6,6,2,8,6,8,4,2,8,6,10,2,8,0,8,10,8,4,6,4,8,2,8,6,6,8,8,6,10,8,8,4,6,8,6,2,4,8,10,4,8,6,6,4,4,8,8,6,2,6,4,4,10
"66",10,8,8,6,8,6,6,2,4,4,6,2,4,6,8,4,10,8,8,8,4,4,6,4,6,8,10,10,8,6,6,10,2,6,6,4,6,6,6,6,8,2,2,4,6,6,6,6,8,2,8,6,8,6,6,6,4,6,6,8,8,6,4,6,8,0,6,4,1e-09,8,6,8,4,4,6,6,2,8,8,8,2,4,4,6,6,6,8,8,6,6,2,8,8,6,6,6,6,8,8,6,8,4,8,6
"67",8,6,4,6,4,8,8,8,2,6,4,4,8,4,6,6,4,4,6,6,4,1e-09,6,6,4,4,4,4,2,8,6,8,6,8,4,8,6,6,2,4,6,6,8,2,6,4,6,6,4,6,4,10,6,6,6,8,6,6,8,10,4,8,10,6,10,6,0,8,6,6,8,8,8,4,6,6,8,10,8,10,6,2,8,2,6,4,4,4,6,6,4,4,4,2,4,8,6,8,8,6,4,6,8,10
"68",8,8,6,6,6,10,8,4,8,6,2,2,8,10,10,6,4,4,8,8,10,4,8,8,4,8,6,2,6,6,6,10,6,8,6,4,6,2,8,8,6,6,8,8,4,10,10,8,10,6,1e-09,6,4,6,10,6,8,8,8,10,6,4,8,8,8,4,8,0,4,6,6,10,4,8,4,8,8,8,8,8,10,8,6,6,6,6,8,10,6,4,4,2,8,4,8,4,8,4,4,4,2,4,2,10
"69",4,8,6,6,6,10,8,4,8,8,6,4,4,6,8,6,2,6,8,6,8,8,10,4,8,4,4,8,8,6,8,2,6,8,4,8,6,8,8,4,6,8,6,4,6,6,10,8,8,6,10,10,4,8,8,6,6,6,4,6,8,10,8,6,4,1e-09,6,4,0,6,4,8,2,6,4,6,4,6,4,8,6,2,8,6,4,6,6,6,8,8,8,2,4,4,10,6,10,6,8,6,4,4,8,4
"70",4,8,2,10,10,6,10,6,4,8,4,2,4,8,8,4,6,4,6,6,8,4,6,6,2,8,4,6,2,1e-09,6,4,8,6,8,8,2,4,8,8,6,6,4,6,4,8,8,4,6,8,8,8,6,6,6,8,6,6,6,6,8,4,8,4,6,8,6,6,6,0,6,8,2,2,4,6,2,2,6,8,6,6,8,8,8,8,8,10,6,8,4,8,4,4,6,4,8,8,2,4,2,6,6,10
"71",6,6,4,4,6,8,4,8,4,6,8,6,4,4,6,8,4,6,4,6,8,6,6,4,8,8,2,2,2,4,4,6,6,4,6,8,6,8,6,4,8,6,4,6,6,6,6,4,6,6,4,8,4,8,4,8,2,4,8,1e-09,4,6,6,6,4,6,8,6,4,6,0,8,8,2,6,6,4,4,8,2,6,6,4,6,6,6,6,6,6,10,6,8,8,8,6,4,6,10,8,6,4,4,6,8
"72",6,6,8,6,6,8,4,6,6,2,4,4,6,4,6,6,4,8,8,6,8,10,6,4,2,6,10,6,4,8,4,8,6,6,4,8,6,8,6,2,4,4,6,8,8,4,6,10,2,6,8,6,6,8,6,8,8,6,10,4,4,10,10,6,8,8,8,10,8,8,8,0,6,6,4,6,8,6,4,8,2,6,4,4,4,8,4,10,6,4,6,10,6,6,4,6,4,10,8,6,8,6,8,10
"73",8,10,6,6,6,4,6,4,4,6,8,6,6,6,6,8,6,10,4,8,6,8,4,2,8,4,6,8,8,8,8,6,4,10,6,6,4,8,8,6,6,6,10,10,8,6,8,8,10,6,2,8,6,10,10,6,4,8,4,6,8,6,8,8,2,4,8,4,2,2,8,6,0,4,4,8,1e-09,4,6,8,6,4,4,4,8,6,8,6,6,8,10,8,6,4,2,4,8,6,6,4,6,6,6,8
"74",6,6,6,6,4,10,8,10,8,8,6,10,8,8,4,6,8,4,10,1e-09,8,4,4,8,6,8,6,2,4,8,6,4,6,4,6,6,8,4,6,6,6,8,4,8,6,4,6,6,8,6,8,6,4,2,8,8,6,4,4,6,6,8,6,6,8,4,4,8,6,2,2,6,4,0,4,4,6,6,4,8,8,4,6,4,4,6,4,4,8,8,10,6,6,4,6,6,6,8,8,4,6,4,4,6
"75",4,6,2,4,4,8,4,8,8,6,6,6,6,6,1e-09,4,6,8,8,4,4,2,8,4,2,4,2,2,6,6,2,4,6,4,4,6,2,4,4,4,6,2,6,4,2,6,6,6,4,6,6,2,2,6,6,4,4,2,4,6,6,6,4,6,6,6,6,4,4,4,6,4,4,4,0,4,2,10,4,6,2,6,6,8,2,8,4,10,4,2,6,6,6,8,6,6,6,10,6,4,6,6,4,10
"76",4,6,2,6,2,6,6,4,4,4,4,6,2,2,4,6,6,6,2,4,6,4,4,2,4,4,8,4,2,8,2,6,4,4,2,6,6,6,4,4,4,4,8,8,6,2,4,8,4,4,6,4,4,6,4,6,8,4,8,6,6,8,8,4,6,6,6,8,6,6,6,6,8,4,4,0,6,8,10,4,8,8,6,6,6,4,6,2,8,8,10,4,4,8,2,6,2,6,8,4,6,4,4,8
"77",4,6,4,2,2,4,6,8,4,4,4,6,6,8,2,6,4,6,6,1e-09,6,8,6,6,8,4,8,6,8,4,4,6,6,8,6,8,8,8,10,8,2,4,8,8,8,4,4,8,6,6,6,8,6,6,8,6,10,10,2,8,10,6,8,10,8,2,8,8,4,2,4,8,1e-09,6,2,6,0,8,4,4,10,6,8,6,4,8,8,8,4,6,6,8,4,4,6,6,4,10,10,2,8,6,6,4
"78",6,10,8,6,6,6,8,8,6,10,4,6,10,4,6,4,10,8,6,6,8,8,6,4,8,10,8,8,10,8,6,4,8,8,10,6,8,4,6,4,10,4,4,8,6,8,2,6,10,6,6,6,6,8,6,1e-09,6,2,6,4,2,6,6,6,8,8,10,8,6,2,4,6,4,6,10,8,8,0,6,4,6,4,2,4,4,6,2,6,6,4,10,6,4,2,4,4,8,10,6,8,4,2,6,4
"79",8,8,10,4,8,8,6,6,8,2,6,8,4,6,4,6,8,4,8,6,4,8,8,8,4,8,8,4,4,6,4,6,6,1e-09,6,8,8,4,6,8,8,8,4,6,6,6,4,6,6,4,2,4,4,6,2,8,6,6,6,2,2,8,4,4,6,8,8,8,4,6,8,4,6,4,4,10,4,6,0,10,6,6,10,2,2,8,6,6,8,8,6,6,6,6,8,6,6,8,6,6,6,6,4,8
"80",2,2,4,8,8,6,4,6,6,6,10,10,6,4,4,6,6,6,8,6,2,8,6,6,10,4,10,8,8,6,8,6,4,4,8,10,6,8,8,8,10,6,6,6,8,6,2,4,6,8,10,6,6,6,4,8,6,4,6,2,8,8,2,8,10,8,10,8,8,8,2,8,8,8,6,4,4,4,10,0,8,6,10,6,2,8,6,6,6,6,6,6,8,4,8,4,8,6,10,8,6,4,8,6
"81",10,8,6,6,6,10,10,10,4,8,6,2,10,6,6,6,6,6,8,8,6,2,8,8,6,6,6,6,4,10,8,8,8,10,6,10,8,6,4,6,8,8,6,4,8,6,8,8,4,8,6,8,6,6,4,6,8,8,6,6,6,6,10,10,8,2,6,10,6,6,6,2,6,8,2,8,10,6,6,8,0,6,4,6,6,10,6,8,6,6,4,2,6,10,4,6,8,10,8,6,6,6,2,8
"82",8,10,10,2,8,8,8,6,8,8,6,4,6,6,4,4,8,4,4,4,2,4,10,6,6,6,8,8,10,4,8,6,6,8,2,6,4,4,4,4,6,4,2,6,8,6,8,6,2,8,4,6,6,6,6,6,6,6,6,2,8,2,8,4,8,4,2,8,2,6,6,6,4,4,6,8,6,4,6,6,6,0,10,6,4,2,8,10,6,10,4,10,8,4,8,4,4,10,4,8,6,4,8,6
"83",8,4,6,8,4,6,6,2,4,6,6,6,6,4,6,8,8,6,8,4,2,6,8,6,6,4,8,8,10,8,4,6,4,6,8,8,6,4,4,8,8,6,10,2,10,6,8,4,6,6,2,6,8,8,8,6,8,10,8,6,4,8,6,6,4,4,8,6,8,8,4,4,4,6,6,6,8,2,10,10,4,10,0,6,8,8,4,4,6,6,6,10,4,10,6,8,4,4,6,4,6,8,8,6
"84",6,6,6,6,2,8,6,4,8,8,6,6,6,4,4,4,8,8,2,6,4,4,8,6,8,6,8,4,6,8,2,2,6,8,4,6,6,6,8,4,8,4,8,8,4,6,6,6,8,4,4,6,4,8,4,4,4,4,6,6,4,6,4,6,6,6,2,6,6,8,6,4,4,4,8,6,6,4,2,6,6,6,6,0,6,2,8,6,6,8,8,4,6,8,4,4,6,8,6,8,2,8,2,6
"85",8,2,8,4,6,6,6,4,4,8,6,6,8,4,6,8,6,4,2,6,4,4,4,2,6,4,6,6,2,2,6,4,8,4,8,4,8,8,2,8,6,8,6,6,8,6,8,6,6,4,8,8,6,6,2,4,8,6,4,6,8,6,6,4,8,6,6,6,4,8,6,4,8,4,2,6,4,4,2,2,6,4,8,6,0,6,4,6,4,6,4,10,8,6,2,6,6,8,4,6,4,4,8,6
"86",6,2,6,6,2,4,8,6,8,6,8,8,4,8,6,4,6,6,6,4,2,4,4,8,8,6,6,4,6,8,8,8,4,6,4,2,8,6,4,4,8,8,6,6,8,4,8,8,6,4,8,8,2,8,6,6,6,8,4,8,6,6,6,4,6,6,4,6,6,8,6,8,6,6,8,4,8,6,8,8,10,2,8,2,6,0,8,8,4,4,8,8,6,10,8,4,8,2,4,6,2,4,4,6
"87",8,8,6,8,4,6,8,2,8,4,8,8,4,8,6,6,6,8,6,10,6,8,6,10,10,4,8,8,6,6,4,4,6,8,10,8,6,4,2,6,6,4,6,4,10,10,6,10,8,6,4,8,8,4,6,4,6,4,4,8,8,4,6,4,2,8,4,8,6,8,6,4,8,4,4,6,8,2,6,6,6,8,4,8,4,8,0,4,6,6,10,4,2,6,2,8,6,6,6,2,8,8,10,2
"88",8,2,6,6,6,8,4,4,6,6,8,6,4,2,6,6,6,4,6,6,6,6,6,6,6,6,10,4,8,6,4,8,8,8,8,8,4,10,2,4,8,8,6,6,10,8,8,10,6,8,10,8,6,4,8,2,6,6,4,8,6,4,8,4,4,8,4,10,6,10,6,10,6,4,10,2,8,6,6,6,8,10,4,6,6,8,4,0,8,2,6,10,4,6,6,8,6,8,8,4,2,6,6,6
"89",8,6,8,6,8,10,6,4,10,10,8,8,8,8,10,8,8,8,8,10,6,8,6,4,8,6,6,4,8,8,6,6,4,6,2,10,2,8,8,8,6,4,8,6,4,8,6,8,8,2,4,8,8,6,6,4,6,4,8,8,4,6,8,8,8,6,6,6,8,6,6,6,6,8,4,8,4,6,8,6,6,6,6,6,4,4,6,8,0,8,8,10,6,8,6,2,4,4,2,6,8,10,6,8
"90",4,8,4,6,8,6,4,4,6,4,10,10,8,4,4,4,10,10,10,2,8,6,2,10,4,4,4,8,8,8,8,8,4,6,6,4,6,8,8,4,10,8,6,8,10,6,10,8,2,6,6,8,8,8,6,8,8,8,6,4,8,8,8,10,10,6,6,4,8,8,10,4,8,8,2,8,6,4,8,6,6,10,6,8,6,4,6,2,8,0,8,6,8,8,6,8,10,6,6,6,4,6,4,6
"91",8,6,6,8,8,6,10,10,8,10,6,2,6,4,6,10,4,8,8,8,10,6,6,8,8,8,4,8,8,8,4,6,4,8,8,4,10,2,10,6,6,6,4,8,4,8,8,8,6,6,8,10,8,6,6,8,4,8,4,6,6,6,8,8,4,2,4,4,8,4,6,6,10,10,6,10,6,10,6,6,4,4,6,8,4,8,10,6,8,8,0,2,8,4,6,6,10,8,2,8,6,10,6,4
"92",8,10,10,4,8,8,8,8,8,8,4,6,8,6,2,2,8,2,4,4,4,6,10,6,6,6,8,8,10,4,8,6,4,8,2,4,6,8,8,8,6,6,6,8,2,8,2,8,8,6,8,6,4,6,8,6,10,6,8,6,10,10,4,6,8,8,4,2,2,8,8,10,8,6,6,4,8,6,6,6,2,10,10,4,10,8,4,10,10,6,2,0,6,8,6,8,4,6,4,2,4,6,6,6
"93",8,4,4,8,4,8,8,4,6,8,4,4,4,6,4,4,6,8,8,4,10,8,10,8,8,6,10,8,6,6,6,8,4,10,2,8,6,4,6,8,8,8,4,8,8,6,6,4,6,6,8,8,2,4,8,8,8,6,6,6,8,6,6,6,6,8,4,8,4,4,8,6,6,6,6,4,4,4,6,8,6,8,4,6,8,6,2,4,6,8,8,6,0,10,6,6,10,8,4,6,8,6,10,4
"94",2,4,6,4,8,4,6,8,6,6,8,6,4,4,4,2,2,6,4,6,4,8,4,8,8,6,6,6,6,4,2,4,6,8,8,6,4,4,8,2,4,4,4,4,6,8,6,8,10,6,8,6,6,8,8,6,6,10,8,6,10,6,4,8,6,6,2,4,4,4,8,6,4,4,8,8,4,2,6,4,10,4,10,8,6,10,6,6,8,8,4,8,10,0,6,4,8,6,10,4,6,10,2,10
"95",4,6,6,8,8,8,2,6,10,8,4,10,6,6,6,4,6,2,6,6,4,6,4,4,2,8,8,4,4,8,6,10,6,10,6,8,10,4,8,8,6,6,10,6,10,8,6,6,8,8,4,4,8,10,6,8,8,8,10,6,8,6,6,8,4,6,4,8,10,6,6,4,2,6,6,2,6,4,8,8,4,8,6,4,2,8,2,6,6,6,6,6,6,6,0,4,8,4,8,6,4,4,8,10
"96",2,4,4,2,4,6,6,2,8,6,8,6,8,4,8,6,4,4,4,6,6,8,4,6,6,6,4,6,6,6,6,8,8,4,6,8,8,8,4,6,6,6,4,6,6,4,2,4,4,6,2,8,6,6,6,2,2,8,4,4,6,8,8,8,4,6,8,4,6,4,4,6,4,6,6,6,6,4,6,4,6,4,8,4,6,4,8,8,2,8,6,8,6,4,4,0,8,4,6,6,6,6,8,4
"97",8,6,8,6,4,6,4,8,4,6,4,4,8,8,6,8,10,4,6,6,8,8,8,8,8,4,6,6,4,6,8,8,4,10,8,8,8,10,6,10,8,4,6,6,8,8,6,6,8,8,8,6,6,8,8,10,6,8,6,4,6,4,8,8,8,6,6,8,10,8,6,4,8,6,6,2,4,8,6,8,8,4,4,6,6,8,6,6,4,10,10,4,10,8,8,8,0,4,6,4,6,8,6,10
"98",8,4,8,8,4,2,6,4,4,4,4,4,8,6,10,6,10,6,6,4,6,6,6,8,8,10,6,8,8,8,4,8,8,6,4,6,6,8,4,8,6,6,8,4,6,8,6,4,6,6,2,8,8,6,8,4,2,6,2,4,8,4,8,6,8,8,8,4,6,8,10,10,6,8,10,6,10,10,8,6,10,10,4,8,8,2,6,8,4,6,8,6,8,6,4,4,4,0,6,6,8,4,8,6
"99",8,4,10,6,10,6,6,10,2,10,2,2,4,6,6,4,8,6,4,6,8,8,8,10,8,8,10,6,6,4,4,6,6,8,2,8,4,6,8,6,8,6,10,4,4,4,6,4,4,8,6,4,6,8,8,8,10,6,8,10,6,6,4,4,6,8,8,4,8,2,8,8,6,8,6,8,10,6,6,10,8,4,6,6,4,4,6,8,2,6,2,4,4,10,8,6,6,6,0,4,6,6,4,6
"100",8,8,6,10,4,8,10,4,8,4,6,6,6,4,6,8,6,4,6,6,6,8,6,6,8,4,6,6,2,4,4,6,4,6,6,4,8,8,6,8,4,8,4,6,8,4,6,6,10,6,10,10,6,8,8,8,8,2,6,8,6,10,2,6,2,6,6,4,6,4,6,6,4,4,4,4,2,8,6,8,6,8,4,8,6,6,2,4,6,6,8,2,6,4,6,6,4,6,4,0,6,6,6,2
"101",6,2,6,4,2,6,6,6,8,8,10,8,6,2,4,6,4,6,10,8,8,8,8,10,4,8,8,6,4,8,6,8,6,10,6,10,10,4,8,8,8,6,4,6,8,8,10,6,6,2,8,4,6,6,6,6,6,4,4,6,6,6,8,8,6,8,4,2,4,2,4,8,6,6,6,6,8,4,6,6,6,6,6,2,4,2,8,2,8,4,6,4,8,6,4,6,6,8,6,6,0,4,6,6
"102",8,6,4,8,6,4,2,6,8,4,10,8,8,8,4,4,8,2,6,8,10,10,6,6,4,10,4,4,6,2,6,6,6,8,8,10,8,6,2,6,4,4,6,10,8,6,8,6,10,6,6,8,4,6,4,6,4,6,2,6,4,6,4,2,4,4,6,4,4,6,4,6,6,4,6,4,6,2,6,4,6,4,8,8,4,4,8,6,10,6,10,6,6,10,4,6,8,4,6,6,4,0,6,4
"103",4,8,4,4,6,8,8,8,4,6,8,2,6,4,2,8,8,6,6,6,4,8,4,2,6,2,10,4,10,8,10,6,6,10,6,2,6,6,10,8,6,6,6,8,8,6,10,4,6,10,4,6,4,6,8,10,6,6,6,6,8,8,4,4,4,8,8,2,8,6,6,8,6,4,4,4,6,6,4,8,2,8,8,2,8,4,10,6,6,4,6,6,10,2,8,8,6,8,4,6,6,6,0,6
"104",2,4,8,6,8,6,8,8,6,8,6,6,6,4,6,10,6,8,8,8,10,6,4,8,8,4,6,8,8,4,4,2,8,4,2,4,2,2,6,4,6,4,6,6,6,6,4,6,4,2,8,2,8,6,8,8,4,8,6,4,4,8,2,10,10,6,10,10,4,10,8,10,8,6,10,8,4,4,8,6,8,6,6,6,6,6,2,6,8,6,4,6,4,10,10,4,10,6,6,2,6,4,6,0
