"","V1","V2","V3","V4","V5","V6","V7","V8","V9","V10","V11","V12","V13","V14","V15","V16","V17","V18","V19","V20","V21","V22","V23","V24","V25","V26","V27","V28","V29","V30","V31","V32","V33","V34","V35","V36","V37","V38","V39","V40","V41","V42","V43","V44","V45","V46","V47","V48","V49","V50","V51","V52","V53","V54","V55","V56","V57","V58","V59","V60","V61","V62","V63","V64","V65","V66","V67","V68","V69","V70","V71","V72","V73","V74","V75","V76","V77","V78","V79","V80","V81","V82","V83","V84","V85","V86","V87","V88","V89","V90","V91","V92","V93","V94","V95","V96","V97","V98","V99","V100","V101","V102","V103","V104","V105","V106","V107","V108","V109","V110","V111","V112","V113","V114","V115","V116","V117","V118","V119","V120","V121","V122","V123","V124","V125","V126","V127","V128","V129","V130","V131","V132","V133","V134","V135","V136","V137","V138","V139","V140"
"1",0,187,2144,2331,478,603,11242,11099,10443,10266,11046,10103,11211,10163,10199,10158,10134,10864,10141,9930,9498,9959,9841,10746,10765,10306,10275,9635,11070,10069,10362,10474,10806,10043,10696,10096,10309,9997,10009,10302,9897,9810,10698,10864,10746,9866,9870,10403,10139,10931,10132,10096,10098,9978,9438,9438,9407,11262,10147,10042,9840,9750,11003,11231,10271,9407,9978,10098,9438,9438,10012,9781,10065,9868,9781,10099,10096,10096,10009,10096,9868,9810,9837,9781,9978,9781,9839,11200,9750,9837,10009,9819,10271,10074,10043,10240,10009,10972,11003,10294,9931,10178,11231,11231,11231,9950,10575,10299,10263,9376,11003,10074,9837,9868,10209,9781,10527,9931,9980,9819,10575,9814,10159,10159,10078,10575,9931,10299,10527,10558,10209,10294,9783,9814,9950,9868,9837,10067,11034,10009
"2",187,0,2331,2144,634,478,11242,11068,10443,10422,11209,9978,11211,10194,10012,9971,10266,10739,10242,10086,9654,9834,9997,10933,10609,10306,10306,9760,11202,10225,10362,10474,10993,10230,10852,10252,10441,9841,10165,10403,10084,9966,10823,10989,10933,10053,10057,10528,10170,10962,10163,10252,10223,10165,9594,9594,9594,11394,10190,10042,10027,9875,11104,11394,10372,9532,10165,10223,9563,9594,10175,9937,10190,10024,9937,10224,10221,10252,10165,10252,9993,9997,10024,9906,10103,9906,10026,11363,9906,10024,10134,9788,10434,10206,10206,10403,10165,11135,11135,10294,9900,10190,11394,11363,11332,9993,10594,10330,10294,9563,11166,10175,9993,9993,10221,9906,10527,9962,10011,9850,10563,9814,10159,10190,10078,10532,9962,10268,10496,10558,10190,10294,9814,9783,9962,9993,9993,10254,11166,10165
"3",2144,2331,0,187,1790,1915,11018,10875,10219,10042,10822,9879,10987,9939,9975,9934,9910,10640,9917,9706,9274,9735,9617,10522,10541,10082,10051,9411,10846,9845,10138,10250,10582,9819,10472,9872,10085,9773,9785,10078,9673,9586,10474,10640,10522,9642,9646,10179,9915,10707,9908,10640,10642,7834,9982,9982,9951,10078,9731,9626,10384,10294,9819,10047,10815,9951,10522,7954,9982,9982,10556,10325,10609,10412,10325,10643,7952,7952,10553,7952,10412,10354,7693,10325,7834,7637,7695,10016,10294,10381,7865,9403,10815,10618,10587,10784,7865,9788,9819,9878,9515,9762,10047,10047,10047,9534,10159,9883,9847,9920,9819,10618,10381,10412,9793,7637,10111,9515,9564,9403,10159,9398,9743,9743,9662,10159,9515,9883,10111,10142,9793,9878,9367,9398,9534,10412,10381,7923,9850,10553
"4",2331,2144,187,0,1946,1790,11018,10844,10219,10198,10985,9754,10987,9970,9788,9747,10042,10515,10018,9862,9430,9610,9773,10709,10385,10082,10082,9536,10978,10001,10138,10250,10769,10006,10628,10028,10217,9617,9941,10179,9860,9742,10599,10765,10709,9829,9833,10304,9946,10738,9939,10796,10767,8021,10138,10138,10138,10210,9774,9626,10571,10419,9920,10210,10916,10076,10709,8079,10107,10138,10719,10481,10734,10568,10481,10768,8077,8108,10709,8108,10537,10541,7880,10450,7959,7762,7882,10179,10450,10568,7990,9372,10978,10750,10750,10947,8021,9951,9951,9878,9484,9774,10210,10179,10148,9577,10178,9914,9878,10107,9982,10719,10537,10537,9805,7762,10111,9546,9595,9434,10147,9398,9743,9774,9662,10116,9546,9852,10080,10142,9774,9878,9398,9367,9546,10537,10537,8110,9982,10709
"5",478,634,1790,1946,0,187,10764,10714,10027,9819,10661,9749,10795,9747,9814,9711,9656,10510,9694,9484,9020,9543,9394,10361,10318,9828,9859,9250,10623,9622,9884,9996,10421,9627,10249,9649,9862,9550,9562,9855,9481,9394,10283,10417,10330,9512,9485,10018,9754,10515,9778,9618,9683,9593,8991,8960,9022,10815,9793,9564,9454,9365,10618,10815,9886,9022,9562,9683,8991,8991,9658,9334,9680,9390,9303,9682,9649,9649,9531,9618,9452,9425,9421,9365,9593,9365,9455,10846,9334,9421,9593,9434,9855,9627,9658,9886,9562,10618,10587,9816,9546,9762,10846,10815,10846,9534,10159,9914,9878,9022,10618,9658,9421,9452,9762,9334,10111,9546,9626,9403,10159,9367,9743,9743,9631,10190,9515,9914,10142,10080,9793,9847,9398,9398,9534,9421,9421,9683,10556,9562
"6",603,478,1915,1790,187,0,10795,10714,10058,10006,10762,9562,10826,9716,9658,9555,9819,10323,9826,9671,9207,9356,9581,10486,10193,9859,9828,9406,10786,9809,9915,10027,10546,9752,10436,9836,10025,9425,9749,9987,9606,9581,10439,10573,10455,9637,9610,10174,9723,10484,9747,9805,9839,9718,9178,9147,9147,10978,9774,9595,9579,9521,10750,10916,10018,9178,9687,9839,9147,9178,9759,9521,9836,9577,9490,9838,9805,9836,9718,9805,9608,9550,9546,9521,9749,9521,9580,10947,9521,9546,9749,9434,9956,9790,9759,9987,9749,10719,10750,9847,9546,9805,10947,10978,10978,9515,10116,9883,9847,9147,10719,9790,9608,9608,9805,9490,10142,9515,9595,9372,10178,9398,9774,9712,9662,10178,9484,9914,10142,10111,9805,9878,9367,9398,9577,9577,9608,9808,10719,9749
"7",11242,11242,11018,11018,10764,10795,0,342,2207,1103,895,2791,143,2039,1230,2759,2560,726,2592,3108,2800,2591,3018,1153,864,1896,2039,3030,695,3246,2176,2064,1381,1199,1377,3273,2760,2592,3186,2759,3105,3018,1411,1377,1290,3136,3109,1134,2070,311,2070,7682,7747,4969,7787,7468,7818,4511,6017,5976,8094,7717,4602,4511,7230,7818,7626,5059,7787,7499,7290,7686,7744,7742,7655,7746,5025,5025,7595,4994,8092,7777,5085,7717,4969,5029,5119,4542,7686,7773,4969,6158,7199,7259,7290,7230,4938,4602,4571,6516,6046,5986,4542,4511,4542,6046,6607,6638,6578,7530,4602,7290,8061,7804,5986,4998,6547,6046,6038,6127,6607,6067,5955,5955,6067,6638,6015,6638,6578,6516,6017,6547,6098,6098,6046,7773,7773,5059,4540,7626
"8",11099,11068,10875,10844,10714,10714,342,0,2207,1022,615,2648,311,1958,1056,2647,2510,751,2480,3026,2750,2510,2937,1209,783,2070,2070,2856,782,3165,2126,2238,1101,1118,1296,3192,2679,2511,3105,2647,3024,2906,1267,1097,1041,2993,2997,792,1790,230,1927,7464,7435,4689,7706,7418,7706,4262,5930,5758,7983,7543,4428,4262,6888,7644,7377,4747,7675,7418,7147,7605,7402,7692,7605,7436,4745,4776,7377,4776,7949,7665,5004,7574,4627,4886,5006,4231,7574,7692,4658,5984,6950,7178,7178,6919,4689,4459,4459,6466,6096,5930,4262,4231,4200,6189,6358,6526,6466,7387,4490,7147,7949,7661,5961,4886,6267,6158,5727,6046,6327,5986,5899,5930,5818,6296,6158,6464,6236,6298,5930,6466,5986,5955,6158,7661,7661,4778,4490,7377
"9",10443,10443,10219,10219,10027,10058,2207,2207,0,2831,2791,696,2064,342,2927,726,863,2759,895,1379,1103,894,1290,3217,2592,311,230,935,2759,1182,143,143,3277,2958,3105,1209,696,864,1122,726,1408,1259,3138,3304,3217,1377,1381,2999,2238,2070,311,6153,6186,3409,7211,5771,7242,2951,4538,4447,7519,5958,2843,2982,5639,7211,6097,3498,7242,5771,5531,5958,6153,6045,5958,6187,3496,3465,6066,3465,7516,6049,3388,5989,3378,3301,3390,2951,5927,6076,3409,4399,5670,5531,5562,5639,3378,2843,2812,4819,4399,4507,2982,2920,2951,4461,5078,4910,4850,5771,2874,5562,7454,6076,4538,3301,4956,4430,4447,4430,5016,4339,4476,4538,4507,5047,4430,4879,4987,4987,4569,4819,4370,4370,4399,6076,6014,3498,2843,6066
"10",10266,10422,10042,10198,9819,10006,1103,1022,2831,0,866,2481,1103,2582,410,2450,2395,722,2457,2330,1759,2282,2239,710,523,2663,2694,1958,804,2467,2719,2831,770,254,598,2494,2563,2251,2407,2594,2388,2270,633,828,741,2388,2330,230,2719,854,2582,7133,7137,4358,6684,6427,6715,4452,6837,6687,7317,6969,4406,4514,7202,6746,7077,4449,6746,6396,7094,6907,7164,7025,6938,7137,4476,4414,7046,4445,7313,6998,4368,6938,4389,4250,4341,4514,6938,7056,4358,6550,7202,7032,7063,7202,4327,4406,4375,7059,6662,6806,4483,4483,4514,6729,7186,6999,7059,6458,4375,7063,7313,7025,6775,4281,7107,6631,6718,6550,7155,6548,6739,6770,6596,7186,6662,7030,7138,7107,6806,7028,6579,6579,6698,7056,7025,4449,4375,7015
"11",11046,11209,10822,10985,10661,10762,895,615,2791,866,0,2527,895,2480,1197,2589,1989,662,1958,2474,2625,2390,2383,624,631,2623,2592,2793,230,2611,2679,2791,516,1034,742,2638,2095,2359,2551,2157,2470,2414,746,605,487,2470,2412,729,2281,752,2480,6941,6914,4104,7550,7293,7519,3710,6391,6311,7399,7082,3969,3710,6429,7581,6823,4226,7581,7262,6626,7051,6941,7169,7082,6914,4253,4222,6854,4253,7426,7080,4450,7051,4166,4363,4423,3710,7082,7138,4135,6509,6398,6626,6595,6398,4135,3938,3969,7019,6621,6422,3679,3741,3741,6619,6670,6927,6957,7262,3907,6626,7457,7138,6391,4394,6761,6559,6280,6478,6701,6508,6393,6362,6250,6701,6590,6989,6761,6761,6391,6988,6477,6508,6650,7169,7169,4195,3969,6823
"12",10103,9978,9879,9754,9749,9562,2791,2648,696,2481,2527,0,2760,752,2462,93,693,2095,662,1207,753,230,1118,2983,1958,895,864,554,2589,1010,615,727,3043,2618,2933,1037,494,230,950,525,1174,1087,2935,3101,2983,1143,1147,2618,2648,2480,721,5981,5983,3175,6861,5421,6830,2781,4968,4919,7285,5755,2642,2750,5438,6830,5863,3295,6861,5421,5299,5786,5950,5873,5786,5984,3293,3293,5894,3293,7313,5815,3154,5786,3175,3098,3156,2719,5755,5842,3206,4750,5438,5361,5330,5407,3206,2611,2642,5291,4862,4999,2750,2750,2750,4891,5278,5230,5260,5359,2642,5361,7282,5873,5030,3098,5338,4862,4857,4750,5278,4811,4970,4970,4889,5278,4862,5230,5338,5369,5030,5291,4780,4811,4891,5873,5842,3264,2673,5894
"13",11211,11211,10987,10987,10795,10826,143,311,2064,1103,895,2760,0,2070,1199,2790,2591,695,2623,3107,2831,2622,3018,1153,864,2039,1958,2999,695,3246,2207,2207,1381,1230,1377,3273,2760,2592,3186,2790,3136,2987,1410,1408,1321,3105,3109,1103,2070,342,2039,7713,7746,4969,7787,7499,7818,4511,6098,6007,8095,7686,4571,4542,7199,7787,7657,5058,7818,7499,7259,7686,7713,7773,7686,7747,5056,5025,7626,5025,8092,7777,5116,7717,4938,5029,5118,4511,7655,7804,4969,6127,7230,7259,7290,7199,4938,4571,4540,6547,6127,6067,4542,4480,4511,6189,6638,6638,6578,7499,4602,7290,8030,7804,6098,5029,6516,6158,6007,6158,6576,6067,6036,6098,6067,6607,6158,6607,6547,6547,6129,6547,6098,6098,6127,7804,7742,5058,4571,7626
"14",10163,10194,9939,9970,9747,9716,2039,1958,342,2582,2480,752,2070,0,2678,751,583,2479,584,1131,823,552,1041,2906,2343,143,112,1022,2510,1269,199,311,2966,2616,2856,1296,783,615,1209,751,1066,1041,2859,2993,2875,1097,1070,2750,1927,1728,31,5873,5907,3098,6962,5491,6931,2702,4370,4167,7207,5709,2594,2640,5390,6962,5755,3219,6931,5522,5251,5709,5904,5765,5678,5906,3185,3216,5786,3185,7236,5738,3046,5709,3129,3021,3080,2671,5709,5734,3129,4150,5328,5282,5251,5359,3129,2563,2594,4539,4262,4401,2671,2702,2702,4231,4736,4599,4539,5491,2563,5282,7236,5796,4401,2990,4738,4231,4167,4088,4798,4090,4370,4308,4258,4798,4200,4630,4738,4707,4401,4570,4059,4090,4293,5765,5796,3188,2563,5817
"15",10199,10012,9975,9788,9814,9658,1230,1056,2927,410,1197,2462,1199,2678,0,2455,2750,727,2726,2570,2138,2318,2481,921,597,2790,2790,2244,1190,2709,2846,2958,981,218,840,2736,2925,2325,2649,2887,2568,2450,811,977,921,2537,2541,516,2846,950,2647,7344,7315,4569,7094,6806,7094,4838,6962,6814,7527,7087,4668,4838,7464,7032,7257,4627,7063,6806,7387,7149,7282,7236,7149,7316,4625,4656,7257,4656,7493,7209,4548,7118,4507,4430,4550,4807,7118,7236,4538,6680,7526,7418,7418,7495,4569,4699,4699,7186,6792,6962,4838,4807,4776,6885,7366,7222,7186,6775,4730,7387,7493,7205,6993,4430,7299,6854,6783,6742,7335,6706,6931,6962,6850,7304,6854,7160,7268,7330,6962,7186,6706,6675,6854,7205,7205,4658,4730,7257
"16",10158,9971,9934,9747,9711,9555,2759,2647,726,2450,2589,93,2790,751,2455,0,631,2126,631,1227,691,199,1137,3033,1989,863,863,523,2558,1029,583,695,3093,2611,2952,1056,525,261,969,432,1193,1137,2924,3058,3002,1224,1197,2587,2678,2479,782,5969,5972,3225,6830,5359,6830,2750,5001,4887,7334,5774,2611,2719,5407,6799,5882,3284,6768,5390,5330,5805,5969,5861,5774,5971,3250,3312,5882,3281,7301,5865,3173,5774,3194,3086,3207,2750,5805,5861,3194,4719,5407,5330,5330,5438,3225,2642,2642,5259,4831,5001,2750,2750,2719,4862,5247,5230,5290,5390,2642,5299,7332,5861,5001,3055,5338,4862,4918,4719,5278,4810,4970,4939,4858,5247,4831,5199,5307,5307,4970,5290,4810,4779,4893,5830,5892,3315,2611,5913
"17",10134,10266,9910,10042,9656,9819,2560,2510,863,2395,1989,693,2591,583,2750,631,0,2390,62,596,636,463,506,2433,2222,664,695,866,1927,734,720,832,2493,2587,2321,761,230,494,674,199,593,506,2355,2489,2402,624,597,2594,2510,2311,614,5338,5403,2625,6775,5304,6806,2119,4833,4688,6734,5205,2042,2119,4838,6806,5282,2715,6775,5335,4730,5174,5400,5230,5143,5402,2681,2681,5251,2650,6732,5265,2573,5205,2625,2517,2607,2150,5174,5261,2625,4582,4807,4699,4730,4838,2594,2042,2011,5060,4694,4802,2150,2119,2150,4694,5079,5062,5122,5366,2042,4730,6701,5292,4802,2486,5139,4694,4750,4551,5079,4611,4771,4771,4659,5110,4663,5062,5170,5108,4833,5091,4642,4642,4694,5261,5261,2715,1980,5282
"18",10864,10739,10640,10515,10510,10323,726,751,2759,722,662,2095,695,2479,727,2126,2390,0,2421,2954,2450,1927,2865,938,261,2622,2591,2587,494,3093,2678,2790,1166,883,1224,3120,2589,1989,3033,2558,2921,2834,1226,1224,1106,2890,2894,691,2479,751,2448,7560,7562,4754,7406,7118,7375,4310,6499,6478,7880,7502,4339,4279,6967,7375,7442,4874,7406,7118,6996,7533,7529,7620,7533,7563,4872,4872,7473,4872,7908,7562,4901,7533,4754,4845,4903,4248,7502,7589,4785,6447,6967,7058,7027,6936,4785,4308,4339,7018,6559,6530,4279,4279,4279,6590,6807,6927,6987,7056,4339,7058,7877,7620,6561,4845,6867,6559,6416,6447,6807,6538,6499,6499,6418,6807,6559,6927,6867,6898,6561,7018,6507,6538,6590,7620,7589,4843,4370,7473
"19",10141,10242,9917,10018,9694,9826,2592,2480,895,2457,1958,662,2623,584,2726,631,62,2421,0,608,698,494,518,2414,2222,696,696,866,1989,746,752,864,2474,2594,2333,773,230,494,686,199,574,518,2305,2439,2383,605,578,2594,2511,2312,615,5350,5353,2606,6837,5366,6837,2181,4862,4720,6715,5155,2042,2150,4838,6806,5263,2665,6775,5397,4761,5186,5350,5242,5155,5352,2631,2693,5263,2662,6682,5246,2554,5155,2575,2467,2588,2181,5186,5242,2575,4582,4838,4761,4761,4869,2606,2073,2073,5092,4694,4862,2181,2181,2150,4723,5110,5093,5123,5397,2073,4730,6713,5242,4862,2436,5201,4725,4751,4582,5141,4643,4833,4802,4721,5110,4694,5062,5170,5170,4831,5123,4643,4612,4754,5211,5273,2696,2042,5294
"20",9930,10086,9706,9862,9484,9671,3108,3026,1379,2330,2474,1207,3107,1131,2570,1227,596,2954,608,0,632,1059,91,2018,2707,1212,1243,830,2462,199,1268,1380,1958,2415,1906,346,715,979,259,795,239,120,1759,2135,2048,238,62,2558,2997,2859,1130,4984,4807,2210,6710,5300,6741,2654,5359,5236,6170,4819,2606,2715,5402,6770,4928,2119,6771,5270,5294,4759,5014,4876,4789,4838,2327,2266,4897,2296,6317,4730,2219,4790,2239,2102,2011,2714,4788,4907,2210,5134,5403,5234,5265,5402,2179,2606,2575,5608,5246,5328,2685,2683,2714,5252,5675,5585,5609,5330,2577,5265,6315,4877,5299,2132,5691,5217,5266,5135,5643,5098,5323,5355,5182,5674,5247,5614,5722,5692,5330,5578,5129,5129,5220,4907,4875,2119,2576,4867
"21",9498,9654,9274,9430,9020,9207,2800,2750,1103,1759,2625,753,2831,823,2138,691,636,2450,698,632,0,523,542,2469,2282,904,935,230,2563,770,960,1072,2529,1951,2357,797,866,554,710,835,629,542,2391,2525,2438,660,633,1958,2750,2551,854,5374,5439,2661,6139,4668,6170,2755,5109,4928,6770,5241,2678,2755,5474,6170,5318,2751,6139,4699,5366,5210,5436,5266,5179,5438,2717,2717,5287,2686,6768,5301,2609,5241,2661,2553,2643,2786,5210,5297,2661,4822,5443,5335,5366,5474,2630,2678,2647,5300,4934,5078,2786,2755,2786,4970,5427,5302,5362,4730,2678,5366,6737,5328,5078,2522,5379,4934,4990,4791,5427,4851,5011,5011,4899,5458,4903,5302,5410,5348,5109,5331,4882,4882,4970,5297,5297,2751,2616,5318
"22",9959,9834,9735,9610,9543,9356,2591,2510,894,2282,2390,230,2622,552,2318,199,463,1927,494,1059,523,0,969,2834,1821,695,664,722,2390,1197,751,863,2894,2412,2784,1224,693,93,1137,631,994,969,2787,2921,2803,1025,998,2450,2479,2280,583,5801,5835,3026,6662,5191,6631,2582,4802,4719,7135,5637,2474,2520,5270,6662,5683,3147,6631,5222,5131,5637,5832,5693,5606,5834,3113,3144,5714,3113,7164,5666,2974,5637,3057,2949,3008,2551,5637,5662,3057,4582,5208,5162,5131,5239,3057,2443,2474,5091,4694,4833,2551,2582,2582,4663,5048,5031,5091,5191,2443,5162,7164,5724,4833,2918,5170,4663,4719,4520,5110,4642,4802,4740,4690,5110,4632,5062,5170,5139,4833,5122,4611,4642,4725,5693,5724,3116,2443,5745
"23",9841,9997,9617,9773,9394,9581,3018,2937,1290,2239,2383,1118,3018,1041,2481,1137,506,2865,518,91,542,969,0,1927,2616,1122,1153,741,2371,228,1178,1290,1987,2325,1815,255,624,888,168,705,149,31,1850,2045,1958,149,91,2469,2906,2769,1041,4894,4898,2119,6619,5210,6650,2563,5270,5146,6230,4730,2517,2625,5313,6681,4838,2210,6681,5179,5205,4668,4925,4786,4699,4898,2237,2175,4807,2206,6226,4759,2129,4699,2150,2011,2102,2625,4699,4817,2119,5045,5313,5143,5174,5313,2088,2517,2486,5518,5157,5239,2594,2594,2625,5162,5585,5494,5518,5241,2486,5174,6226,4786,5208,2042,5602,5126,5177,5045,5554,5007,5234,5265,5091,5585,5157,5525,5633,5602,5239,5487,5038,5038,5131,4817,4786,2210,2486,4776
"24",10746,10933,10522,10709,10361,10486,1153,1209,3217,710,624,2983,1153,2906,921,3033,2433,938,2414,2018,2469,2834,1927,0,1087,3049,3018,2637,506,2155,3105,3217,228,734,286,2182,2551,2815,2095,2601,2014,1958,290,317,199,2014,1956,741,2875,1178,2906,6653,6626,3816,7394,7137,7363,4322,6967,6905,6943,6626,4413,4322,7041,7425,6535,3938,7425,7106,7070,6595,6653,6713,6626,6626,3965,3934,6566,3965,6970,6624,3994,6595,3878,3907,3967,4322,6626,6682,3847,6941,7010,7070,7039,7010,3847,4382,4413,7445,7053,6998,4291,4353,4353,7027,7282,7359,7383,7106,4351,7070,7001,6682,6967,3938,7361,6991,6874,6910,7313,6934,6993,6962,6850,7313,7022,7421,7361,7361,6967,7414,6903,6934,7058,6713,6713,3907,4413,6535
"25",10765,10609,10541,10385,10318,10193,864,783,2592,523,631,1958,864,2343,597,1989,2222,261,2222,2707,2282,1821,2616,1087,0,2424,2455,2481,631,2844,2480,2592,1147,753,975,2871,2328,1728,2784,2421,2765,2647,1010,1205,1118,2765,2707,753,2480,615,2343,7510,7514,4735,7207,6950,7238,4279,6590,6448,7694,7346,4233,4341,7029,7269,7454,4826,7269,6919,6921,7284,7541,7402,7315,7514,4853,4791,7423,4822,7690,7375,4745,7315,4766,4627,4718,4341,7315,7433,4735,6341,7029,6859,6890,7029,4704,4233,4202,6820,6453,6559,4310,4310,4341,6482,6869,6790,6820,6981,4202,6890,7690,7402,6528,4658,6898,6422,6479,6341,6838,6309,6530,6561,6387,6869,6453,6821,6929,6898,6559,6789,6340,6340,6451,7433,7402,4826,4202,7392
"26",10306,10306,10082,10082,9828,9859,1896,2070,311,2663,2623,895,2039,143,2790,863,664,2622,696,1212,904,695,1122,3049,2424,0,143,1134,2591,1350,280,168,3109,2759,2937,1377,864,696,1290,863,1209,1122,2971,3105,3018,1240,1213,2862,2070,1871,174,5954,6019,3241,7043,5572,7074,2783,4289,4248,7350,5821,2706,2783,5502,7074,5898,3331,7043,5603,5394,5790,6016,5846,5759,6018,3297,3297,5867,3266,7348,5881,3189,5821,3241,3133,3223,2814,5790,5877,3241,4262,5471,5363,5394,5502,3210,2706,2675,4620,4150,4258,2814,2783,2814,4150,4879,4742,4682,5634,2706,5394,7317,5908,4258,3102,4819,4150,4310,4231,4879,4171,4227,4227,4339,4910,4119,4742,4850,4788,4289,4651,4202,4202,4150,5877,5877,3331,2644,5898
"27",10275,10306,10051,10082,9859,9828,2039,2070,230,2694,2592,864,1958,112,2790,863,695,2591,696,1243,935,664,1153,3018,2455,143,0,1134,2622,1381,311,311,3078,2728,2968,1408,895,727,1321,863,1178,1153,2971,3105,2987,1209,1182,2862,2039,1840,143,5985,6019,3210,7074,5603,7043,2814,4370,4279,7319,5821,2706,2752,5502,7074,5867,3331,7043,5634,5363,5821,6016,5877,5790,6018,3297,3328,5898,3297,7348,5850,3158,5821,3241,3133,3192,2783,5821,5846,3241,4262,5440,5394,5363,5471,3241,2675,2706,4651,4262,4401,2783,2814,2814,4231,4848,4711,4651,5603,2675,5394,7348,5908,4401,3102,4850,4231,4279,4200,4910,4202,4370,4308,4370,4910,4200,4742,4850,4819,4401,4682,4171,4202,4293,5877,5908,3300,2675,5929
"28",9635,9760,9411,9536,9250,9406,3030,2856,935,1958,2793,554,2999,1022,2244,523,866,2587,866,830,230,722,741,2637,2481,1134,1134,0,2762,633,854,966,2697,2150,2556,660,729,753,573,667,828,710,2527,2693,2637,797,801,2064,2918,2750,991,5604,5575,2829,6338,4898,6338,2954,5246,5158,6939,5347,2784,2954,5580,6276,5517,2887,6307,4898,5503,5409,5542,5496,5409,5576,2885,2916,5517,2916,6905,5469,2808,5378,2767,2690,2810,2923,5378,5496,2798,4928,5642,5534,5534,5611,2829,2815,2815,5530,5040,5246,2954,2923,2892,5169,5626,5470,5530,4867,2846,5503,6905,5465,5277,2690,5547,5102,5127,4990,5595,5050,5179,5210,5098,5564,5102,5408,5516,5578,5246,5530,5050,5019,5138,5465,5465,2918,2846,5517
"29",11070,11202,10846,10978,10623,10786,695,782,2759,804,230,2589,695,2510,1190,2558,1927,494,1989,2462,2563,2390,2371,506,631,2591,2622,2762,0,2599,2647,2759,734,1058,730,2626,2095,2359,2539,2126,2520,2402,765,792,705,2520,2462,866,2479,782,2510,7097,7101,4322,7488,7231,7519,3816,6561,6447,7449,7101,3938,3878,6566,7550,7041,4413,7550,7200,6626,7039,7128,7157,7070,7101,4440,4378,7010,4409,7445,7130,4500,7070,4353,4382,4473,3878,7070,7188,4322,6478,6566,6564,6595,6566,4291,3938,3907,6987,6590,6530,3847,3847,3878,6621,6838,6927,6987,7262,3907,6595,7445,7157,6499,4413,6867,6559,6478,6478,6807,6476,6499,6530,6356,6838,6590,6958,6898,6867,6530,6956,6507,6507,6590,7188,7157,4413,3907,6979
"30",10069,10225,9845,10001,9622,9809,3246,3165,1182,2467,2611,1010,3246,1269,2709,1029,734,3093,746,199,770,1197,228,2155,2844,1350,1381,633,2599,0,1070,1182,2095,2553,2043,147,516,1116,60,597,377,259,1958,2273,2186,377,199,2697,3134,2997,1269,5122,5006,2347,6847,5438,6878,2791,5498,5374,6338,4958,2745,2853,5541,6909,5066,2318,6909,5407,5433,4896,5153,5014,4927,5006,2465,2403,5035,2434,6454,4867,2357,4927,2378,2239,2210,2853,4927,5045,2347,5273,5541,5371,5402,5541,2316,2745,2714,5746,5385,5467,2822,2822,2853,5390,5813,5722,5746,5469,2714,5402,6454,5014,5436,2270,5830,5354,5405,5273,5782,5235,5462,5493,5319,5813,5385,5753,5861,5830,5467,5715,5266,5266,5359,5045,5014,2318,2714,5004
"31",10362,10362,10138,10138,9884,9915,2176,2126,143,2719,2679,615,2207,199,2846,583,720,2678,752,1268,960,751,1178,3105,2480,280,311,854,2647,1070,0,112,3165,2815,2993,1097,584,752,1010,583,1265,1178,3027,3161,3074,1296,1269,2918,2126,1927,230,6010,6075,3297,7099,5628,7130,2839,4569,4304,7406,5877,2762,2839,5558,7130,5954,3387,7099,5659,5450,5846,6072,5902,5815,6074,3353,3353,5923,3322,7404,5937,3245,5877,3297,3189,3279,2870,5846,5933,3297,4318,5527,5419,5450,5558,3266,2762,2731,4676,4430,4538,2870,2839,2870,4430,4935,4798,4738,5690,2762,5450,7373,5964,4538,3158,4875,4430,4366,4287,4935,4227,4507,4507,4395,4966,4399,4798,4906,4844,4569,4707,4258,4258,4430,5933,5933,3387,2700,5954
"32",10474,10474,10250,10250,9996,10027,2064,2238,143,2831,2791,727,2207,311,2958,695,832,2790,864,1380,1072,863,1290,3217,2592,168,311,966,2759,1182,112,0,3277,2927,3105,1209,696,864,1122,695,1377,1290,3139,3273,3186,1408,1381,3030,2238,2039,342,6122,6187,3409,7211,5740,7242,2951,4457,4416,7518,5989,2874,2951,5670,7242,6066,3499,7211,5771,5562,5958,6184,6014,5927,6186,3465,3465,6035,3434,7516,6049,3357,5989,3409,3301,3391,2982,5958,6045,3409,4430,5639,5531,5562,5670,3378,2874,2843,4788,4318,4426,2982,2951,2982,4318,5047,4910,4850,5802,2874,5562,7485,6076,4426,3270,4987,4318,4478,4399,5047,4339,4395,4395,4507,5078,4287,4910,5018,4956,4457,4819,4370,4370,4318,6045,6045,3499,2812,6066
"33",10806,10993,10582,10769,10421,10546,1381,1101,3277,770,516,3043,1381,2966,981,3093,2493,1166,2474,1958,2529,2894,1987,228,1147,3109,3078,2697,734,2095,3165,3277,0,794,346,2242,2611,2875,2155,2661,2074,2018,230,209,91,2074,1896,633,2767,1238,2966,6545,6398,3708,7454,7197,7423,4214,6859,6797,6883,6686,4473,4214,6933,7485,6427,3710,7485,7166,7130,6655,6545,6773,6686,6398,3857,3826,6458,3857,7030,6564,4054,6655,3770,3967,3907,4214,6686,6742,3739,7001,6902,7130,7099,6902,3739,4442,4473,7505,7113,6890,4183,4245,4245,7087,7174,7419,7443,7166,4411,7130,7061,6742,6859,3998,7253,7051,6766,6970,7205,6994,6885,6854,6742,7205,7082,7481,7253,7253,6859,7474,6963,6994,7118,6773,6773,3679,4473,6427
"34",10043,10230,9819,10006,9627,9752,1199,1118,2958,254,1034,2618,1230,2616,218,2611,2587,883,2594,2415,1951,2412,2325,734,753,2759,2728,2150,1058,2553,2815,2927,794,0,684,2580,2793,2481,2493,2755,2350,2325,687,821,703,2381,2354,422,2815,888,2647,7157,7191,4382,6938,6619,6907,4706,6950,6783,7339,6993,4598,4644,7394,6938,7039,4503,6907,6650,7255,6993,7188,7049,6962,7190,4469,4500,7070,4469,7368,7022,4330,6993,4413,4305,4364,4675,6993,7018,4413,6742,7332,7286,7255,7363,4413,4567,4598,7155,6854,6981,4675,4706,4706,6811,7316,7191,7155,6619,4567,7286,7368,7080,6981,4274,7330,6823,6783,6680,7378,6706,6962,6900,6850,7378,6792,7222,7330,7299,6981,7186,6675,6706,6873,7049,7080,4472,4567,7101
"35",10696,10852,10472,10628,10249,10436,1377,1296,3105,598,742,2933,1377,2856,840,2952,2321,1224,2333,1906,2357,2784,1815,286,975,2937,2968,2556,730,2043,2993,3105,346,684,0,1896,2439,2703,1983,2520,1790,1846,209,230,317,1790,1906,828,2993,1128,2856,6535,6713,3934,7282,7025,7313,4378,7085,6961,6893,6545,4332,4440,7128,7344,6653,4025,7344,6994,7020,6483,6566,6427,6514,6713,3878,3816,6622,3847,6715,6574,3770,6514,3965,3826,3917,4440,6514,6458,3934,6860,7128,6958,6989,7128,3903,4332,4301,7333,6972,7054,4409,4409,4440,6977,7400,7309,7333,7056,4301,6989,6715,6427,7023,3857,7417,6941,6992,6860,7369,6822,7049,7080,6906,7400,6972,7340,7448,7417,7054,7302,6853,6853,6946,6458,6427,4025,4301,6591
"36",10096,10252,9872,10028,9649,9836,3273,3192,1209,2494,2638,1037,3273,1296,2736,1056,761,3120,773,346,797,1224,255,2182,2871,1377,1408,660,2626,147,1097,1209,2242,2580,1896,0,543,1143,87,624,230,286,2105,2126,2213,230,346,2724,3161,3024,1296,4975,5153,2374,6874,5465,6905,2818,5525,5401,6485,4985,2772,2880,5568,6936,5093,2465,6936,5434,5460,4923,5006,4867,4954,5153,2318,2256,5062,2287,6307,5014,2210,4954,2405,2266,2357,2880,4954,4898,2374,5300,5568,5398,5429,5568,2343,2772,2741,5773,5412,5494,2849,2849,2880,5417,5840,5749,5773,5496,2741,5429,6307,4867,5463,2297,5857,5381,5432,5300,5809,5262,5489,5520,5346,5840,5412,5780,5888,5857,5494,5742,5293,5293,5386,4898,4867,2465,2741,5031
"37",10309,10441,10085,10217,9862,10025,2760,2679,696,2563,2095,494,2760,783,2925,525,230,2589,230,715,866,693,624,2551,2328,864,895,729,2095,516,584,696,2611,2793,2439,543,0,600,456,93,773,655,2474,2669,2582,773,715,2793,2648,2511,783,5518,5522,2743,6943,5534,6974,2287,5030,4888,6854,5354,2241,2349,5037,7005,5462,2834,7005,5503,4929,5292,5549,5410,5323,5522,2861,2799,5431,2830,6850,5383,2753,5323,2774,2635,2726,2349,5323,5441,2743,4781,5037,4867,4898,5037,2712,2241,2210,5260,4893,4999,2318,2318,2349,4922,5309,5230,5260,5565,2210,4898,6850,5410,4968,2666,5338,4862,4919,4781,5278,4749,4970,5001,4827,5309,4893,5261,5369,5338,4999,5229,4780,4780,4891,5441,5410,2834,2210,5400
"38",9997,9841,9773,9617,9550,9425,2592,2511,864,2251,2359,230,2592,615,2325,261,494,1989,494,979,554,93,888,2815,1728,696,727,753,2359,1116,752,864,2875,2481,2703,1143,600,0,1056,693,1037,919,2738,2933,2846,1037,979,2481,2480,2343,615,5782,5786,3007,6631,5222,6662,2551,4862,4720,7118,5618,2505,2613,5301,6693,5726,3098,6693,5191,5193,5556,5813,5674,5587,5786,3125,3063,5695,3094,7114,5647,3017,5587,3038,2899,2990,2613,5587,5705,3007,4613,5301,5131,5162,5301,2976,2505,2474,5092,4725,4831,2582,2582,2613,4754,5141,5062,5092,5253,2474,5162,7114,5674,4800,2930,5170,4694,4751,4613,5110,4581,4802,4833,4659,5141,4725,5093,5201,5170,4831,5061,4612,4612,4723,5705,5674,3098,2474,5664
"39",10009,10165,9785,9941,9562,9749,3186,3105,1122,2407,2551,950,3186,1209,2649,969,674,3033,686,259,710,1137,168,2095,2784,1290,1321,573,2539,60,1010,1122,2155,2493,1983,87,456,1056,0,537,317,199,2018,2213,2126,317,259,2637,3074,2937,1209,5062,5066,2287,6787,5378,6818,2731,5438,5314,6398,4898,2685,2793,5481,6849,5006,2378,6849,5347,5373,4836,5093,4954,4867,5066,2405,2343,4975,2374,6394,4927,2297,4867,2318,2179,2270,2793,4867,4985,2287,5213,5481,5311,5342,5481,2256,2685,2654,5686,5325,5407,2762,2762,2793,5330,5753,5662,5686,5409,2654,5342,6394,4954,5376,2210,5770,5294,5345,5213,5722,5175,5402,5433,5259,5753,5325,5693,5801,5770,5407,5655,5206,5206,5299,4985,4954,2378,2654,4944
"40",10302,10403,10078,10179,9855,9987,2759,2647,726,2594,2157,525,2790,751,2887,432,199,2558,199,795,835,631,705,2601,2421,863,863,667,2126,597,583,695,2661,2755,2520,624,93,693,537,0,761,705,2492,2626,2570,792,765,2731,2678,2479,782,5537,5540,2793,6974,5503,6974,2318,5001,4887,6902,5342,2179,2287,4975,6943,5450,2852,6912,5534,4898,5373,5537,5429,5342,5539,2818,2880,5450,2849,6869,5433,2741,5342,2762,2654,2775,2318,5373,5429,2762,4719,4975,4898,4898,5006,2793,2210,2210,5259,4831,5001,2318,2318,2287,4862,5247,5230,5290,5534,2210,4867,6900,5429,5001,2623,5338,4862,4918,4719,5278,4810,4970,4939,4858,5247,4831,5199,5307,5307,4970,5290,4810,4779,4893,5398,5460,2883,2179,5481
"41",9897,10084,9673,9860,9481,9606,3105,3024,1408,2388,2470,1174,3136,1066,2568,1193,593,2921,574,239,629,994,149,2014,2765,1209,1178,828,2520,377,1265,1377,2074,2350,1790,230,773,1037,317,761,0,149,1967,1927,1983,31,178,2556,2993,2794,1097,4807,5015,2206,6768,5297,6737,2712,5326,5233,6315,4817,2604,2650,5400,6768,4863,2327,6737,5328,5261,4817,4838,4699,4786,5014,2119,2150,4894,2119,6170,4846,1980,4817,2237,2129,2188,2681,4817,4668,2237,5132,5338,5292,5261,5369,2237,2573,2604,5605,5244,5357,2681,2712,2712,5187,5610,5581,5605,5297,2573,5292,6170,4730,5357,2098,5720,5213,5233,5070,5672,5156,5352,5290,5240,5672,5182,5612,5720,5689,5357,5636,5125,5156,5249,4699,4730,2296,2573,4925
"42",9810,9966,9586,9742,9394,9581,3018,2906,1259,2270,2414,1087,2987,1041,2450,1137,506,2834,518,120,542,969,31,1958,2647,1122,1153,710,2402,259,1178,1290,2018,2325,1846,286,655,919,199,705,149,0,1879,2045,1958,118,122,2438,2937,2769,1010,4894,4927,2150,6650,5210,6681,2594,5239,5146,6260,4699,2486,2625,5282,6650,4838,2239,6681,5210,5174,4699,4894,4786,4699,4928,2237,2206,4807,2206,6257,4790,2129,4730,2119,2042,2131,2594,4668,4817,2150,5014,5313,5174,5205,5282,2119,2486,2455,5518,5126,5208,2625,2563,2594,5162,5585,5525,5549,5210,2517,5205,6195,4817,5239,2042,5571,5157,5146,5045,5523,5038,5203,5265,5122,5554,5157,5494,5602,5602,5270,5518,5069,5069,5100,4817,4755,2239,2486,4807
"43",10698,10823,10474,10599,10283,10439,1411,1267,3138,633,746,2935,1410,2859,811,2924,2355,1226,2305,1759,2391,2787,1850,290,1010,2971,2971,2527,765,1958,3027,3139,230,687,209,2105,2474,2738,2018,2492,1967,1879,0,376,320,1966,1790,799,2997,1131,2858,6743,6504,3938,7317,7059,7317,4413,7087,6995,6746,6516,4303,4443,7099,7315,6656,3816,7316,7029,7022,6518,6711,6635,6548,6535,4024,4025,6656,4055,6862,6458,3947,6487,3936,3799,3739,4442,6547,6635,3907,6831,7131,6993,6993,7130,3938,4334,4334,7367,6943,7087,4413,4442,4411,6980,7403,7313,7337,7058,4305,6962,6922,6574,7058,3829,7450,6945,6994,6863,7402,6857,7082,7083,6941,7371,6975,7311,7419,7451,7027,7337,6857,6826,6979,6604,6634,3847,4335,6626
"44",10864,10989,10640,10765,10417,10573,1377,1097,3304,828,605,3101,1408,2993,977,3058,2489,1224,2439,2135,2525,2921,2045,317,1205,3105,3105,2693,792,2273,3161,3273,209,821,230,2126,2669,2933,2213,2626,1927,2045,376,0,118,1958,2105,629,2856,1265,3024,6367,6544,3797,7512,7193,7512,4272,6917,6793,7090,6682,4469,4241,6929,7481,6454,3856,7450,7224,7188,6713,6367,6595,6682,6543,3648,3710,6454,3679,6883,6773,3907,6682,3766,3994,4115,4272,6713,6595,3766,6997,6929,7188,7188,6960,3797,4500,4500,7501,7109,6917,4272,4272,4241,7114,7201,7508,7532,7224,4500,7157,6914,6595,6917,3963,7280,7140,6824,6997,7232,7052,6912,6881,6800,7201,7109,7477,7249,7249,6886,7532,7052,7021,7145,6564,6626,3887,4469,6485
"45",10746,10933,10522,10709,10330,10455,1290,1041,3217,741,487,2983,1321,2875,921,3002,2402,1106,2383,2048,2438,2803,1958,199,1118,3018,2987,2637,705,2186,3074,3186,91,703,317,2213,2582,2846,2126,2570,1983,1958,320,118,0,2014,1987,573,2738,1147,2906,6454,6488,3679,7425,7106,7394,4185,6799,6706,6972,6626,4413,4123,6873,7425,6336,3800,7394,7137,7070,6626,6485,6682,6595,6487,3766,3797,6367,3766,7001,6655,3963,6626,3710,3938,3997,4154,6626,6651,3710,6941,6811,7101,7070,6842,3710,4382,4413,7414,7053,6830,4154,4185,4185,6996,7083,7390,7414,7106,4382,7101,7001,6713,6830,3907,7193,7022,6706,6879,7145,6965,6825,6763,6713,7145,6991,7421,7193,7162,6830,7445,6934,6965,7058,6682,6713,3769,4382,6398
"46",9866,10053,9642,9829,9512,9637,3136,2993,1377,2388,2470,1143,3105,1097,2537,1224,624,2890,605,238,660,1025,149,2014,2765,1240,1209,797,2520,377,1296,1408,2074,2381,1790,230,773,1037,317,792,31,118,1966,1958,2014,0,178,2525,2993,2825,1066,4838,5014,2206,6768,5328,6737,2712,5295,5264,6316,4786,2573,2681,5369,6737,4894,2326,6768,5328,5230,4817,4807,4730,4817,5015,2150,2150,4925,2150,6170,4846,2011,4817,2206,2129,2187,2650,4786,4699,2237,5101,5369,5292,5261,5338,2237,2542,2573,5636,5213,5326,2681,2681,2681,5218,5641,5581,5605,5266,2573,5292,6139,4730,5357,2129,5689,5213,5202,5101,5641,5156,5321,5321,5240,5641,5213,5581,5689,5720,5357,5636,5125,5156,5218,4730,4699,2295,2604,4925
"47",9870,10057,9646,9833,9485,9610,3109,2997,1381,2330,2412,1147,3109,1070,2541,1197,597,2894,578,62,633,998,91,1956,2707,1213,1182,801,2462,199,1269,1381,1896,2354,1906,346,715,979,259,765,178,122,1790,2105,1987,178,0,2529,2935,2798,1070,4985,4838,2148,6710,5301,6679,2654,5299,5237,6139,4790,2577,2654,5373,6741,4867,2150,6741,5270,5234,4759,4985,4877,4790,4838,2297,2266,4898,2297,6286,4668,2158,4759,2210,2071,2011,2654,4790,4846,2179,5105,5342,5234,5203,5342,2179,2546,2577,5609,5217,5330,2623,2685,2685,5191,5614,5523,5547,5270,2515,5234,6317,4846,5299,2102,5693,5155,5206,5074,5645,5098,5325,5294,5182,5645,5186,5585,5693,5693,5299,5578,5067,5098,5222,4877,4877,2119,2577,4867
"48",10403,10528,10179,10304,10018,10174,1134,792,2999,230,729,2618,1103,2750,516,2587,2594,691,2594,2558,1958,2450,2469,741,753,2862,2862,2064,866,2697,2918,3030,633,422,828,2724,2793,2481,2637,2731,2556,2438,799,629,573,2525,2529,0,2582,1022,2719,6996,6967,4221,6914,6626,6914,4346,6638,6550,7515,7075,4512,4346,6972,6852,6909,4279,6883,6626,7231,7137,6934,7224,7137,6968,4277,4308,6909,4308,7481,7197,4536,7106,4159,4418,4538,4315,7106,7224,4190,6656,7034,7262,7262,7003,4221,4543,4543,7258,6768,6638,4346,4315,4284,6897,7018,7198,7258,6595,4574,7231,7481,7193,6669,4418,6939,6830,6519,6718,6987,6778,6571,6602,6490,6956,6830,7136,6908,6970,6638,7258,6778,6747,6866,7193,7193,4310,4574,6909
"49",10139,10170,9915,9946,9754,9723,2070,1790,2238,2719,2281,2648,2070,1927,2846,2678,2510,2479,2511,2997,2750,2479,2906,2875,2480,2070,2039,2918,2479,3134,2126,2238,2767,2815,2993,3161,2648,2480,3074,2678,2993,2937,2997,2856,2738,2993,2935,2582,0,1927,1927,7464,7437,4627,8251,7418,8220,4231,5930,5758,8498,7605,4490,4231,6950,8282,7346,4749,8282,7387,7147,7574,7464,7692,7605,7437,4776,4745,7377,4776,8525,7603,4973,7574,4689,4886,4946,4231,7605,7661,4658,6046,6919,7147,7116,6919,4658,4459,4490,6466,6158,5961,4200,4262,4262,6158,6327,6464,6404,7387,4428,7147,8556,7661,5930,4917,6298,6096,5727,6015,6358,5955,5930,5899,5787,6358,6127,6526,6298,6298,5930,6435,5924,5955,6189,7692,7692,4718,4490,7346
"50",10931,10962,10707,10738,10515,10484,311,230,2070,854,752,2480,342,1728,950,2479,2311,751,2312,2859,2551,2280,2769,1178,615,1871,1840,2750,782,2997,1927,2039,1238,888,1128,3024,2511,2343,2937,2479,2794,2769,1131,1265,1147,2825,2798,1022,1927,0,1759,7601,7635,4826,7538,7219,7507,4430,6098,5895,7783,7437,4322,4368,7118,7538,7483,4947,7507,7250,6979,7437,7632,7493,7406,7634,4913,4944,7514,4913,7812,7466,4774,7437,4857,4749,4808,4399,7437,7462,4857,5878,7056,7010,6979,7087,4857,4291,4322,6267,5990,6129,4399,4430,4430,5959,6464,6327,6267,7219,4291,7010,7812,7524,6129,4718,6466,5959,5895,5816,6526,5818,6098,6036,5986,6526,5928,6358,6466,6435,6129,6298,5787,5818,6021,7493,7524,4916,4291,7545
"51",10132,10163,9908,9939,9778,9747,2070,1927,311,2582,2480,721,2039,31,2647,782,614,2448,615,1130,854,583,1041,2906,2343,174,143,991,2510,1269,230,342,2966,2647,2856,1296,783,615,1209,782,1097,1010,2858,3024,2906,1066,1070,2719,1927,1759,0,5904,5906,3098,6962,5522,6931,2702,4339,4198,7208,5678,2563,2671,5359,6931,5786,3218,6962,5522,5220,5709,5873,5796,5709,5907,3216,3216,5817,3216,7236,5738,3077,5709,3098,3021,3079,2640,5678,5765,3129,4119,5359,5282,5251,5328,3129,2532,2563,4570,4231,4370,2671,2671,2671,4262,4767,4599,4539,5460,2563,5282,7205,5796,4401,3021,4707,4231,4136,4119,4767,4090,4339,4339,4258,4767,4231,4599,4707,4738,4401,4570,4059,4090,4262,5796,5765,3187,2594,5817
"52",10096,10252,10640,10796,9618,9805,7682,7464,6153,7133,6941,5981,7713,5873,7344,5969,5338,7560,5350,4984,5374,5801,4894,6653,7510,5954,5985,5604,7097,5122,6010,6122,6545,7157,6535,4975,5518,5782,5062,5537,4807,4894,6743,6367,6454,4838,4985,6996,7464,7601,5904,0,239,6677,2297,826,2328,7121,8261,8106,1906,377,7380,7121,624,2328,118,6767,2297,857,852,346,62,228,315,238,6559,6559,87,6528,1730,437,6787,377,6677,6905,6995,7152,346,259,6677,8372,593,821,852,624,6646,7380,7349,8814,8484,8230,7152,7121,7152,8458,8545,8852,8876,888,7380,852,1699,290,8230,6874,8593,8484,8168,8341,8545,8365,8225,8225,8113,8576,8453,8852,8624,8562,8261,8845,8396,8396,8458,259,259,6767,7318,118
"53",10098,10223,10642,10767,9683,9839,7747,7435,6186,7137,6914,5983,7746,5907,7315,5972,5403,7562,5353,4807,5439,5835,4898,6626,7514,6019,6019,5575,7101,5006,6075,6187,6398,7191,6713,5153,5522,5786,5066,5540,5015,4927,6504,6544,6488,5014,4838,6967,7437,7635,5906,239,0,6650,2301,891,2301,7125,8263,8171,1730,348,7351,7155,595,2299,152,6528,2300,861,854,350,207,467,380,31,6736,6737,152,6767,1846,290,6995,319,6648,6847,6787,7154,379,467,6619,8343,627,825,825,626,6650,7382,7382,8879,8455,8263,7125,7154,7123,8492,8579,8825,8849,890,7353,794,1906,406,8234,6877,8626,8457,8170,8375,8578,8369,8258,8259,8117,8547,8487,8823,8595,8627,8203,8849,8369,8338,8491,436,466,6559,7383,122
"54",9978,10165,7834,8021,9593,9718,4969,4689,3409,4358,4104,3175,4969,3098,4569,3225,2625,4754,2606,2210,2661,3026,2119,3816,4735,3241,3210,2829,4322,2347,3297,3409,3708,4382,3934,2374,2743,3007,2287,2793,2206,2150,3938,3797,3679,2206,2148,4221,4627,4826,3098,6677,6650,0,8738,7329,8707,2426,5071,5009,8287,6818,2685,2426,7065,8769,6559,122,8769,7298,7262,6787,6677,6905,6818,6650,149,118,6590,149,8314,6816,346,6787,62,259,319,2426,6818,6874,31,5213,7034,7262,7231,7034,31,2654,2685,5717,5325,5102,2395,2457,2457,5299,5386,5631,5655,7298,2623,7262,8345,6874,5071,290,5465,5263,4978,5182,5417,5206,5097,5066,4954,5417,5294,5693,5465,5465,5071,5686,5175,5206,5330,6905,6905,91,2685,6559
"55",9438,9594,9982,10138,8991,9178,7787,7706,7211,6684,7550,6861,7787,6962,7094,6830,6775,7406,6837,6710,6139,6662,6619,7394,7207,7043,7074,6338,7488,6847,7099,7211,7454,6938,7282,6874,6943,6631,6787,6974,6768,6650,7317,7512,7425,6768,6710,6914,8251,7538,6962,2297,2301,8738,0,1471,31,8832,9681,9531,633,2013,8666,8894,2366,62,2241,8829,62,1440,2138,1951,2328,2069,1982,2301,8856,8794,2210,8825,629,2042,8628,1982,8769,8510,8601,8894,1982,2100,8738,9274,2366,2076,2107,2366,8707,8666,8635,9783,9386,9650,8863,8863,8894,9453,10030,9723,9783,1502,8635,2107,629,2069,9619,8541,9951,9355,9562,9274,9999,9272,9583,9614,9440,10030,9386,9754,9982,9951,9650,9752,9303,9303,9422,2100,2069,8829,8635,2179
"56",9438,9594,9982,10138,8960,9147,7468,7418,5771,6427,7293,5421,7499,5491,6806,5359,5304,7118,5366,5300,4668,5191,5210,7137,6950,5572,5603,4898,7231,5438,5628,5740,7197,6619,7025,5465,5534,5222,5378,5503,5297,5210,7059,7193,7106,5328,5301,6626,7418,7219,5522,826,891,7329,1471,0,1502,7423,8241,8060,2102,573,7226,7423,926,1502,770,7419,1471,31,698,542,888,598,511,890,7385,7385,739,7354,2100,633,7157,573,7329,7101,7191,7454,542,629,7329,7834,895,667,698,926,7298,7226,7195,8312,7946,8210,7454,7423,7454,7982,8559,8314,8374,62,7226,698,2069,660,8210,7070,8511,7946,8122,7803,8559,7863,8143,8143,8031,8590,7915,8314,8542,8480,8241,8343,7894,7894,7982,629,629,7419,7164,770
"57",9407,9594,9951,10138,9022,9147,7818,7706,7242,6715,7519,6830,7818,6931,7094,6830,6806,7375,6837,6741,6170,6631,6650,7363,7238,7074,7043,6338,7519,6878,7130,7242,7423,6907,7313,6905,6974,6662,6818,6974,6737,6681,7317,7512,7394,6737,6679,6914,8220,7507,6931,2328,2301,8707,31,1502,0,8863,9650,9562,602,2013,8666,8863,2366,62,2210,8829,62,1471,2107,1982,2328,2100,2013,2301,8856,8825,2241,8856,629,2011,8597,1982,8769,8510,8570,8863,2013,2069,8738,9274,2335,2107,2076,2335,8738,8635,8666,9814,9386,9681,8832,8894,8894,9422,9999,9692,9752,1471,8604,2107,660,2069,9650,8541,9982,9324,9531,9243,10030,9303,9614,9583,9471,10030,9355,9754,9982,9982,9650,9783,9272,9303,9453,2100,2100,8798,8666,2210
"58",11262,11394,10078,10210,10815,10978,4511,4262,2951,4452,3710,2781,4511,2702,4838,2750,2119,4310,2181,2654,2755,2582,2563,4322,4279,2783,2814,2954,3816,2791,2839,2951,4214,4706,4378,2818,2287,2551,2731,2318,2712,2594,4413,4272,4185,2712,2654,4346,4231,4430,2702,7121,7125,2426,8832,7423,8863,0,2745,2631,8793,7293,290,62,6590,8894,7065,2517,8894,7392,6818,7231,7152,7349,7262,7125,2544,2482,7034,2513,8789,7322,2772,7262,2457,2654,2745,62,7262,7380,2426,2830,6590,6756,6787,6590,2395,290,259,3339,2942,2714,31,31,62,2973,3022,3279,3339,7454,259,6787,8789,7349,2683,2685,3051,2911,2662,2830,2991,2828,2683,2714,2540,3022,2942,3310,3082,3051,2714,3308,2859,2859,2942,7380,7349,2517,259,7003
"59",10147,10190,9731,9774,9793,9774,6017,5930,4538,6837,6391,4968,6098,4370,6962,5001,4833,6499,4862,5359,5109,4802,5270,6967,6590,4289,4370,5246,6561,5498,4569,4457,6859,6950,7085,5525,5030,4862,5438,5001,5326,5239,7087,6917,6799,5295,5299,6638,5930,6098,4339,8261,8263,5071,9681,8241,9650,2745,0,265,9901,8371,2942,2714,7706,9650,8143,5191,9681,8241,7903,8402,8230,8489,8402,8264,5189,5189,8174,5189,9929,8431,5386,8402,5071,5330,5388,2683,8371,8458,5102,462,7706,7965,7934,7675,5102,2911,2942,973,350,31,2714,2714,2714,259,714,942,942,8179,2942,7965,9898,8489,62,5330,714,350,203,462,714,493,122,122,265,714,350,942,714,745,62,973,462,493,259,8489,8458,5160,2973,8174
"60",10042,10042,9626,9626,9564,9595,5976,5758,4447,6687,6311,4919,6007,4167,6814,4887,4688,6478,4720,5236,4928,4719,5146,6905,6448,4248,4279,5158,6447,5374,4304,4416,6797,6783,6961,5401,4888,4720,5314,4887,5233,5146,6995,6793,6706,5264,5237,6550,5758,5895,4198,8106,8171,5009,9531,8060,9562,2631,265,0,9838,8309,2890,2631,7654,9562,8050,5099,9531,8091,7882,8278,8168,8334,8247,8170,5065,5065,8019,5034,9836,8369,5293,8309,5009,5237,5327,2662,8278,8365,5009,350,7623,7851,7882,7654,4978,2890,2859,708,462,234,2662,2631,2662,462,631,830,770,8122,2890,7882,9805,8396,234,5206,571,462,62,319,631,259,203,203,91,662,431,830,602,540,265,739,290,290,462,8365,8365,5099,2828,8050
"61",9840,10027,10384,10571,9454,9579,8094,7983,7519,7317,7399,7285,8095,7207,7527,7334,6734,7880,6715,6170,6770,7135,6230,6943,7694,7350,7319,6939,7449,6338,7406,7518,6883,7339,6893,6485,6854,7118,6398,6902,6315,6260,6746,7090,6972,6316,6139,7515,8498,7783,7208,1906,1730,8287,633,2102,602,8793,9901,9838,0,1592,8595,8791,2295,663,1788,8258,662,2073,2036,1562,1907,1678,1591,1699,8434,8405,1819,8434,209,1471,8175,1562,8348,8090,7999,8792,1592,1647,8318,9587,2263,2037,2006,2264,8318,8564,8595,10090,9699,9932,8762,8823,8823,9672,10215,10006,10030,2072,8534,2037,239,1649,9902,8119,10295,9638,9808,9555,10247,9581,9927,9895,9785,10247,9667,10067,10295,10294,9902,10061,9550,9581,9704,1678,1679,8227,8594,1790
"62",9750,9875,10294,10419,9365,9521,7717,7543,5958,6969,7082,5755,7686,5709,7087,5774,5205,7502,5155,4819,5241,5637,4730,6626,7346,5821,5821,5347,7101,4958,5877,5989,6686,6993,6545,4985,5354,5618,4898,5342,4817,4699,6516,6682,6626,4786,4790,7075,7605,7437,5678,377,348,6818,2013,573,2013,7293,8371,8309,1592,0,7003,7293,703,1951,290,6876,1982,573,506,62,315,149,62,349,6874,6905,290,6905,1558,122,6677,31,6756,6559,6679,7262,31,149,6787,7995,765,537,537,734,6818,7034,7034,8561,8107,8371,7293,7262,7231,8174,8717,8537,8561,542,7065,506,1558,118,8402,6559,8734,8169,8278,8057,8686,8081,8366,8397,8285,8655,8169,8475,8703,8765,8371,8561,8081,8050,8143,118,118,6907,7065,290
"63",11003,11104,9819,9920,10618,10750,4602,4428,2843,4406,3969,2642,4571,2594,4668,2611,2042,4339,2042,2606,2678,2474,2517,4413,4233,2706,2706,2784,3938,2745,2762,2874,4473,4598,4332,2772,2241,2505,2685,2179,2604,2486,4303,4469,4413,2573,2577,4512,4490,4322,2563,7380,7351,2685,8666,7226,8666,290,2942,2890,8595,7003,0,290,6756,8604,7293,2743,8635,7226,6559,7065,7318,7152,7065,7352,2741,2772,7293,2772,8561,7125,2544,7034,2623,2426,2546,259,7034,7152,2654,2540,6818,6590,6590,6787,2685,31,31,3142,2652,2942,290,259,228,2745,3250,3082,3142,7195,62,6559,8561,7121,2973,2426,3279,2714,2859,2602,3219,2662,2911,2942,2830,3188,2714,3020,3248,3310,2942,3142,2662,2631,2714,7121,7121,2774,62,7293
"64",11231,11394,10047,10210,10815,10916,4511,4262,2982,4514,3710,2750,4542,2640,4838,2719,2119,4279,2150,2715,2755,2520,2625,4322,4341,2783,2752,2954,3878,2853,2839,2951,4214,4644,4440,2880,2349,2613,2793,2287,2650,2625,4443,4241,4123,2681,2654,4346,4231,4368,2671,7121,7155,2426,8894,7423,8863,62,2714,2631,8791,7293,290,0,6590,8894,7003,2547,8863,7454,6787,7293,7152,7349,7262,7154,2513,2544,7034,2513,8820,7322,2710,7293,2457,2685,2744,31,7293,7318,2457,2830,6528,6818,6787,6559,2457,259,290,3339,2942,2745,31,62,62,2911,2960,3279,3339,7423,259,6818,8820,7380,2745,2654,3082,2911,2631,2768,3022,2890,2714,2652,2602,3022,2880,3310,3082,3051,2745,3370,2859,2890,2973,7349,7380,2516,259,7065
"65",10271,10372,10815,10916,9886,10018,7230,6888,5639,7202,6429,5438,7199,5390,7464,5407,4838,6967,4838,5402,5474,5270,5313,7041,7029,5502,5502,5580,6566,5541,5558,5670,6933,7394,7128,5568,5037,5301,5481,4975,5400,5282,7099,6929,6873,5369,5373,6972,6950,7118,5359,624,595,7065,2366,926,2366,6590,7706,7654,2295,703,6756,6590,0,2304,537,7123,2335,926,259,765,562,852,765,596,7121,7152,537,7152,2261,825,7380,734,7003,7262,7382,6559,734,852,7034,7760,62,290,290,31,7065,6787,6787,8362,7872,7706,6590,6559,6528,7965,8014,8302,8362,895,6818,259,2261,821,7737,7262,8043,7934,7623,7822,7983,7882,7675,7706,7594,7952,7934,8240,8012,8074,7706,8362,7882,7851,7934,821,821,7154,6818,537
"66",9407,9532,9951,10076,9022,9178,7818,7644,7211,6746,7581,6830,7787,6962,7032,6799,6806,7375,6806,6770,6170,6662,6681,7425,7269,7074,7074,6276,7550,6909,7130,7242,7485,6938,7344,6936,7005,6693,6849,6943,6768,6650,7315,7481,7425,6737,6741,6852,8282,7538,6931,2328,2299,8769,62,1502,62,8894,9650,9562,663,1951,8604,8894,2304,0,2241,8827,31,1502,2107,2013,2266,2100,2013,2300,8825,8856,2241,8856,629,2073,8628,1982,8707,8510,8630,8863,1982,2100,8738,9212,2366,2138,2138,2335,8769,8635,8635,9814,9324,9650,8894,8863,8832,9453,10030,9754,9814,1471,8666,2107,629,2069,9681,8510,9951,9386,9531,9274,9999,9334,9583,9614,9502,9968,9386,9692,9920,9982,9650,9814,9334,9303,9422,2069,2069,8858,8666,2241
"67",9978,10165,10522,10709,9562,9687,7626,7377,6097,7077,6823,5863,7657,5755,7257,5882,5282,7442,5263,4928,5318,5683,4838,6535,7454,5898,5867,5517,7041,5066,5954,6066,6427,7039,6653,5093,5462,5726,5006,5450,4863,4838,6656,6454,6336,4894,4867,6909,7346,7483,5786,118,152,6559,2241,770,2210,7065,8143,8050,1788,290,7293,7003,537,2241,0,6680,2210,801,734,290,149,346,259,151,6646,6677,31,6646,1817,319,6843,290,6590,6818,6877,7034,290,315,6590,8285,475,765,734,506,6590,7262,7293,8758,8397,8174,7034,7065,7065,8340,8427,8734,8758,770,7262,765,1817,377,8174,6787,8537,8366,8050,8223,8489,8309,8169,8107,8057,8489,8335,8765,8537,8506,8174,8789,8278,8309,8402,346,377,6649,7262,62
"68",10098,10223,7954,8079,9683,9839,5059,4747,3498,4449,4226,3295,5058,3219,4627,3284,2715,4874,2665,2119,2751,3147,2210,3938,4826,3331,3331,2887,4413,2318,3387,3499,3710,4503,4025,2465,2834,3098,2378,2852,2327,2239,3816,3856,3800,2326,2150,4279,4749,4947,3218,6767,6528,122,8829,7419,8829,2517,5191,5099,8258,6876,2743,2547,7123,8827,6680,0,8828,7389,7382,6878,6735,6995,6908,6559,208,209,6680,239,8374,6818,467,6847,120,319,259,2546,6907,6995,91,5271,7155,7353,7353,7154,122,2774,2774,5807,5383,5191,2517,2546,2515,5420,5507,5753,5777,7418,2745,7322,8434,6934,5162,349,5554,5385,5098,5303,5506,5297,5186,5187,5045,5475,5415,5751,5523,5555,5131,5777,5297,5266,5419,6964,6994,31,2775,6650
"69",9438,9563,9982,10107,8991,9147,7787,7675,7242,6746,7581,6861,7818,6931,7063,6768,6775,7406,6775,6771,6139,6631,6681,7425,7269,7043,7043,6307,7550,6909,7099,7211,7485,6907,7344,6936,7005,6693,6849,6912,6737,6681,7316,7450,7394,6768,6741,6883,8282,7507,6962,2297,2300,8769,62,1471,62,8894,9681,9531,662,1982,8635,8863,2335,31,2210,8828,0,1502,2138,2013,2297,2069,1982,2299,8794,8856,2210,8825,629,2073,8597,1982,8738,8510,8631,8894,2013,2069,8738,9243,2335,2138,2138,2366,8769,8666,8666,9783,9355,9681,8894,8894,8863,9422,9999,9754,9814,1502,8666,2107,660,2069,9681,8479,9982,9386,9562,9243,10030,9334,9614,9583,9502,9999,9355,9723,9951,9951,9650,9814,9334,9303,9453,2038,2100,8859,8635,2241
"70",9438,9594,9982,10138,8991,9178,7499,7418,5771,6396,7262,5421,7499,5522,6806,5390,5335,7118,5397,5270,4699,5222,5179,7106,6919,5603,5634,4898,7200,5407,5659,5771,7166,6650,6994,5434,5503,5191,5347,5534,5328,5210,7029,7224,7137,5328,5270,6626,7387,7250,5522,857,861,7298,1440,31,1471,7392,8241,8091,2073,573,7226,7454,926,1502,801,7389,1502,0,698,511,888,629,542,861,7416,7354,770,7385,2069,602,7188,542,7329,7070,7161,7454,542,660,7298,7834,926,636,667,926,7267,7226,7195,8343,7946,8210,7423,7423,7454,8013,8590,8283,8343,62,7195,667,2069,629,8179,7101,8511,7915,8122,7834,8559,7832,8143,8174,8000,8590,7946,8314,8542,8511,8210,8312,7863,7863,7982,660,629,7389,7195,739
"71",10012,10175,10556,10719,9658,9759,7290,7147,5531,7094,6626,5299,7259,5251,7387,5330,4730,6996,4761,5294,5366,5131,5205,7070,6921,5394,5363,5503,6626,5433,5450,5562,7130,7255,7020,5460,4929,5193,5373,4898,5261,5174,7022,7188,7070,5230,5234,7231,7147,6979,5220,852,854,7262,2138,698,2107,6818,7903,7882,2036,506,6559,6787,259,2107,734,7382,2138,698,0,537,821,624,537,855,7380,7380,765,7380,2064,566,7121,537,7262,7065,7123,6756,506,593,7293,7563,259,62,31,228,7293,6528,6559,8134,7675,7934,6787,6787,6787,7706,8211,8043,8103,636,6559,62,2033,624,7965,7065,8271,7675,7820,7563,8211,7654,7903,7903,7822,8211,7675,8043,8271,8302,7965,8134,7623,7654,7706,624,593,7351,6590,765
"72",9781,9937,10325,10481,9334,9521,7686,7605,5958,6907,7051,5786,7686,5709,7149,5805,5174,7533,5186,4759,5210,5637,4668,6595,7284,5790,5821,5409,7039,4896,5846,5958,6655,6993,6483,4923,5292,5556,4836,5373,4817,4699,6518,6713,6626,4817,4759,7137,7574,7437,5709,346,350,6787,1951,542,1982,7231,8402,8278,1562,62,7065,7293,765,2013,290,6878,2013,511,537,0,377,118,31,350,6905,6843,259,6874,1558,91,6677,31,6818,6559,6650,7293,31,149,6787,8057,765,475,506,765,6756,7065,7034,8530,8169,8371,7262,7262,7293,8174,8717,8506,8530,573,7034,506,1558,118,8340,6590,8734,8138,8309,8057,8686,8019,8366,8397,8223,8717,8169,8537,8765,8734,8371,8499,8050,8050,8143,149,118,6878,7034,228
"73",10065,10190,10609,10734,9680,9836,7744,7402,6153,7164,6941,5950,7713,5904,7282,5969,5400,7529,5350,5014,5436,5832,4925,6653,7541,6016,6016,5542,7128,5153,6072,6184,6545,7188,6566,5006,5549,5813,5093,5537,4838,4894,6711,6367,6485,4807,4985,6934,7464,7632,5873,62,207,6677,2328,888,2328,7152,8230,8168,1907,315,7318,7152,562,2266,149,6735,2297,888,821,377,0,290,377,208,6559,6590,149,6590,1699,437,6818,346,6615,6874,6994,7121,346,290,6646,8310,624,852,852,593,6677,7349,7349,8876,8422,8230,7152,7121,7090,8489,8576,8852,8876,857,7380,821,1699,259,8261,6874,8593,8484,8137,8372,8545,8396,8225,8256,8144,8514,8484,8790,8562,8624,8230,8876,8396,8365,8458,259,259,6766,7380,149
"74",9868,10024,10412,10568,9390,9577,7742,7692,6045,7025,7169,5873,7773,5765,7236,5861,5230,7620,5242,4876,5266,5693,4786,6713,7402,5846,5877,5496,7157,5014,5902,6014,6773,7049,6427,4867,5410,5674,4954,5429,4699,4786,6635,6595,6682,4730,4877,7224,7692,7493,5796,228,467,6905,2069,598,2100,7349,8489,8334,1678,149,7152,7349,852,2100,346,6995,2069,629,624,118,290,0,87,466,6787,6787,315,6756,1502,209,6559,149,6905,6677,6767,7380,118,31,6905,8144,821,593,624,852,6874,7152,7121,8586,8256,8458,7380,7349,7380,8230,8773,8624,8648,660,7152,624,1471,62,8458,6646,8821,8256,8396,8113,8773,8137,8453,8453,8341,8804,8225,8624,8852,8790,8489,8617,8168,8168,8230,31,31,6995,7090,346
"75",9781,9937,10325,10481,9303,9490,7655,7605,5958,6938,7082,5786,7686,5678,7149,5774,5143,7533,5155,4789,5179,5606,4699,6626,7315,5759,5790,5409,7070,4927,5815,5927,6686,6962,6514,4954,5323,5587,4867,5342,4786,4699,6548,6682,6595,4817,4790,7137,7605,7406,5709,315,380,6818,1982,511,2013,7262,8402,8247,1591,62,7065,7262,765,2013,259,6908,1982,542,537,31,377,87,0,379,6874,6874,228,6843,1589,122,6646,62,6818,6590,6680,7293,31,118,6818,8057,734,506,537,765,6787,7065,7034,8499,8169,8371,7293,7262,7293,8143,8686,8537,8561,573,7065,537,1558,149,8371,6559,8734,8169,8309,8026,8686,8050,8366,8366,8254,8717,8138,8537,8765,8703,8402,8530,8081,8081,8143,118,118,6908,7003,259
"76",10099,10224,10643,10768,9682,9838,7746,7436,6187,7137,6914,5984,7747,5906,7316,5971,5402,7563,5352,4838,5438,5834,4898,6626,7514,6018,6018,5576,7101,5006,6074,6186,6398,7190,6713,5153,5522,5786,5066,5539,5014,4928,6535,6543,6487,5015,4838,6968,7437,7634,5907,238,31,6650,2301,890,2301,7125,8264,8170,1699,349,7352,7154,596,2300,151,6559,2299,861,855,350,208,466,379,0,6735,6737,151,6766,1846,290,6994,319,6649,6847,6818,7155,380,466,6619,8344,626,825,825,627,6650,7383,7383,8878,8456,8264,7125,7155,7124,8491,8578,8825,8849,891,7353,794,1907,406,8234,6876,8627,8457,8171,8374,8579,8369,8259,8258,8117,8548,8486,8824,8596,8626,8203,8849,8369,8338,8492,435,467,6590,7382,122
"77",10096,10221,7952,8077,9649,9805,5025,4745,3496,4476,4253,3293,5056,3185,4625,3250,2681,4872,2631,2327,2717,3113,2237,3965,4853,3297,3297,2885,4440,2465,3353,3465,3857,4469,3878,2318,2861,3125,2405,2818,2119,2237,4024,3648,3766,2150,2297,4277,4776,4913,3216,6559,6736,149,8856,7385,8856,2544,5189,5065,8434,6874,2741,2513,7121,8825,6646,208,8794,7416,7380,6905,6559,6787,6874,6735,0,62,6646,31,8227,6965,259,6874,118,346,467,2544,6905,6787,118,5269,7121,7380,7380,7152,149,2772,2772,5773,5381,5189,2544,2544,2513,5386,5473,5780,5804,7416,2772,7349,8258,6787,5189,315,5552,5412,5096,5269,5504,5324,5184,5153,5072,5473,5381,5749,5521,5521,5158,5804,5324,5293,5417,6756,6818,239,2741,6677
"78",10096,10252,7952,8108,9649,9836,5025,4776,3465,4414,4222,3293,5025,3216,4656,3312,2681,4872,2693,2266,2717,3144,2175,3934,4791,3297,3328,2916,4378,2403,3353,3465,3826,4500,3816,2256,2799,3063,2343,2880,2150,2206,4025,3710,3797,2150,2266,4308,4745,4944,3216,6559,6737,118,8794,7385,8825,2482,5189,5065,8405,6905,2772,2544,7152,8856,6677,209,8856,7354,7380,6843,6590,6787,6874,6737,62,0,6646,31,8227,6934,290,6874,149,346,437,2544,6874,6818,118,5300,7152,7318,7349,7152,87,2772,2741,5773,5412,5158,2513,2513,2544,5417,5504,5749,5773,7416,2741,7349,8227,6787,5127,377,5521,5381,5096,5300,5473,5262,5153,5184,5010,5504,5412,5780,5552,5521,5158,5742,5293,5293,5386,6818,6787,209,2741,6615
"79",10009,10165,10553,10709,9531,9718,7595,7377,6066,7046,6854,5894,7626,5786,7257,5882,5251,7473,5263,4897,5287,5714,4807,6566,7423,5867,5898,5517,7010,5035,5923,6035,6458,7070,6622,5062,5431,5695,4975,5450,4894,4807,6656,6454,6367,4925,4898,6909,7377,7514,5817,87,152,6590,2210,739,2241,7034,8174,8019,1819,290,7293,7034,537,2241,31,6680,2210,770,765,259,149,315,228,151,6646,6646,0,6615,1817,350,6874,290,6590,6818,6908,7065,259,346,6590,8285,506,734,765,537,6559,7293,7262,8727,8397,8143,7065,7034,7065,8371,8458,8765,8789,801,7293,765,1786,377,8143,6787,8506,8397,8081,8254,8458,8278,8138,8138,8026,8489,8366,8765,8537,8475,8174,8758,8309,8309,8371,346,346,6680,7231,31
"80",10096,10252,7952,8108,9618,9805,4994,4776,3465,4445,4253,3293,5025,3185,4656,3281,2650,4872,2662,2296,2686,3113,2206,3965,4822,3266,3297,2916,4409,2434,3322,3434,3857,4469,3847,2287,2830,3094,2374,2849,2119,2206,4055,3679,3766,2150,2297,4308,4776,4913,3216,6528,6767,149,8825,7354,8856,2513,5189,5034,8434,6905,2772,2513,7152,8856,6646,239,8825,7385,7380,6874,6590,6756,6843,6766,31,31,6615,0,8258,6965,259,6905,149,377,467,2544,6874,6787,149,5300,7121,7349,7380,7152,118,2772,2741,5742,5412,5158,2544,2513,2544,5386,5473,5780,5804,7416,2772,7380,8227,6818,5158,346,5521,5412,5096,5269,5473,5293,5153,5153,5041,5504,5381,5780,5552,5490,5189,5773,5324,5324,5386,6787,6787,239,2710,6646
"81",9868,9993,10412,10537,9452,9608,8092,7949,7516,7313,7426,7313,8092,7236,7493,7301,6732,7908,6682,6317,6768,7164,6226,6970,7690,7348,7348,6905,7445,6454,7404,7516,7030,7368,6715,6307,6850,7114,6394,6869,6170,6257,6862,6883,7001,6170,6286,7481,8525,7812,7236,1730,1846,8314,629,2100,629,8789,9929,9836,209,1558,8561,8820,2261,629,1817,8374,629,2069,2064,1558,1699,1502,1589,1846,8227,8227,1817,8258,0,1618,8030,1527,8314,8055,8177,8820,1589,1502,8283,9553,2292,2033,2033,2292,8314,8592,8592,10088,9665,9929,8789,8820,8789,9701,10244,10033,10057,2100,8561,2002,62,1440,9898,8086,10292,9665,9836,9584,10244,9577,9924,9924,9781,10213,9696,10033,10261,10292,9867,10057,9577,9546,9701,1471,1502,8405,8592,1786
"82",9810,9997,10354,10541,9425,9550,7777,7665,6049,6998,7080,5815,7777,5738,7209,5865,5265,7562,5246,4730,5301,5666,4759,6624,7375,5881,5850,5469,7130,4867,5937,6049,6564,7022,6574,5014,5383,5647,4927,5433,4846,4790,6458,6773,6655,4846,4668,7197,7603,7466,5738,437,290,6816,2042,633,2011,7322,8431,8369,1471,122,7125,7322,825,2073,319,6818,2073,602,566,91,437,209,122,290,6965,6934,350,6965,1618,0,6706,91,6878,6619,6559,7322,122,178,6847,8117,794,566,535,794,6847,7094,7125,8621,8229,8462,7291,7353,7353,8203,8746,8535,8559,602,7063,566,1649,178,8431,6650,8825,8167,8338,8086,8777,8110,8457,8426,8314,8777,8198,8597,8825,8825,8431,8590,8079,8110,8234,209,209,6787,7125,319
"83",9837,10024,7693,7880,9421,9546,5085,5004,3388,4368,4450,3154,5116,3046,4548,3173,2573,4901,2554,2219,2609,2974,2129,3994,4745,3189,3158,2808,4500,2357,3245,3357,4054,4330,3770,2210,2753,3017,2297,2741,1980,2129,3947,3907,3963,2011,2158,4536,4973,4774,3077,6787,6995,346,8628,7157,8597,2772,5386,5293,8175,6677,2544,2710,7380,8628,6843,467,8597,7188,7121,6677,6818,6559,6646,6994,259,290,6874,259,8030,6706,0,6677,377,149,208,2741,6677,6528,377,5072,7318,7152,7121,7349,377,2513,2544,5545,5184,5417,2741,2772,2772,5127,5670,5521,5545,7157,2513,7152,8030,6590,5417,118,5780,5153,5293,5010,5732,5096,5412,5350,5300,5732,5122,5552,5780,5749,5417,5576,5065,5096,5189,6559,6590,436,2513,6905
"84",9781,9906,10325,10450,9365,9521,7717,7574,5989,6938,7051,5786,7717,5709,7118,5774,5205,7533,5155,4790,5241,5637,4699,6595,7315,5821,5821,5378,7070,4927,5877,5989,6655,6993,6514,4954,5323,5587,4867,5342,4817,4730,6487,6682,6626,4817,4759,7106,7574,7437,5709,377,319,6787,1982,573,1982,7262,8402,8309,1562,31,7034,7293,734,1982,290,6847,1982,542,537,31,346,149,62,319,6874,6874,290,6905,1527,91,6677,0,6787,6528,6650,7293,62,149,6756,8026,765,506,506,765,6787,7065,7065,8561,8138,8402,7262,7293,7262,8174,8717,8506,8530,573,7034,475,1589,87,8371,6559,8765,8138,8309,8057,8717,8050,8397,8397,8254,8686,8169,8506,8734,8765,8340,8530,8050,8019,8174,118,149,6878,7065,259
"85",9978,10103,7834,7959,9593,9749,4969,4627,3378,4389,4166,3175,4938,3129,4507,3194,2625,4754,2575,2239,2661,3057,2150,3878,4766,3241,3241,2767,4353,2378,3297,3409,3770,4413,3965,2405,2774,3038,2318,2762,2237,2119,3936,3766,3710,2206,2210,4159,4689,4857,3098,6677,6648,62,8769,7329,8769,2457,5071,5009,8348,6756,2623,2457,7003,8707,6590,120,8738,7329,7262,6818,6615,6905,6818,6649,118,149,6590,149,8314,6878,377,6787,0,259,379,2426,6787,6905,31,5151,7065,7293,7293,7034,62,2654,2654,5717,5263,5071,2457,2426,2395,5330,5417,5693,5717,7298,2685,7262,8314,6874,5102,259,5434,5325,4978,5213,5386,5237,5066,5097,4985,5355,5325,5631,5403,5465,5071,5717,5237,5206,5299,6874,6874,151,2685,6590
"86",9781,9906,7637,7762,9365,9521,5029,4886,3301,4250,4363,3098,5029,3021,4430,3086,2517,4845,2467,2102,2553,2949,2011,3907,4627,3133,3133,2690,4382,2239,3189,3301,3967,4305,3826,2266,2635,2899,2179,2654,2129,2042,3799,3994,3938,2129,2071,4418,4886,4749,3021,6905,6847,259,8510,7101,8510,2654,5330,5237,8090,6559,2426,2685,7262,8510,6818,319,8510,7070,7065,6559,6874,6677,6590,6847,346,346,6818,377,8055,6619,149,6528,259,0,122,2685,6590,6677,228,4954,7293,7034,7034,7293,259,2457,2457,5489,5066,5330,2654,2685,2654,5102,5645,5434,5458,7101,2426,7003,8117,6615,5299,31,5693,5066,5237,4985,5645,4978,5325,5325,5182,5614,5097,5434,5662,5693,5268,5458,4978,4947,5102,6646,6677,350,2457,6787
"87",9839,10026,7695,7882,9455,9580,5119,5006,3390,4341,4423,3156,5118,3080,4550,3207,2607,4903,2588,2011,2643,3008,2102,3967,4718,3223,3192,2810,4473,2210,3279,3391,3907,4364,3917,2357,2726,2990,2270,2775,2188,2131,3739,4115,3997,2187,2011,4538,4946,4808,3079,6995,6787,319,8601,7191,8570,2745,5388,5327,7999,6679,2546,2744,7382,8630,6877,259,8631,7161,7123,6650,6994,6767,6680,6818,467,437,6908,467,8177,6559,208,6650,379,122,0,2743,6679,6736,350,5074,7352,7125,7094,7351,350,2515,2546,5579,5186,5419,2714,2774,2774,5161,5704,5494,5518,7159,2486,7125,8206,6737,5390,152,5782,5126,5295,5044,5734,5069,5414,5384,5273,5734,5156,5554,5782,5783,5390,5549,5038,5069,5191,6767,6766,228,2547,6878
"88",11200,11363,10016,10179,10846,10947,4542,4231,2951,4514,3710,2719,4511,2671,4807,2750,2150,4248,2181,2714,2786,2551,2625,4322,4341,2814,2783,2923,3878,2853,2870,2982,4214,4675,4440,2880,2349,2613,2793,2318,2681,2594,4442,4272,4154,2650,2654,4315,4231,4399,2640,7152,7154,2426,8894,7454,8863,62,2683,2662,8792,7262,259,31,6559,8863,7034,2546,8894,7454,6756,7293,7121,7380,7293,7155,2544,2544,7065,2544,8820,7322,2741,7293,2426,2685,2743,0,7262,7349,2457,2799,6559,6818,6787,6528,2457,228,259,3370,2911,2714,31,31,31,2942,2991,3279,3339,7392,259,6818,8789,7380,2745,2685,3051,2911,2600,2799,2991,2890,2683,2683,2602,2991,2911,3279,3051,3082,2745,3370,2859,2890,2942,7380,7349,2515,290,7065
"89",9750,9906,10294,10450,9334,9521,7686,7574,5927,6938,7082,5755,7655,5709,7118,5805,5174,7502,5186,4788,5210,5637,4699,6626,7315,5790,5821,5378,7070,4927,5846,5958,6686,6993,6514,4954,5323,5587,4867,5373,4817,4668,6547,6713,6626,4786,4790,7106,7605,7437,5678,346,379,6818,1982,542,2013,7262,8371,8278,1592,31,7034,7293,734,1982,290,6907,2013,542,506,31,346,118,31,380,6905,6874,259,6874,1589,122,6677,62,6787,6590,6679,7262,0,149,6818,8026,765,506,537,734,6787,7034,7003,8530,8138,8340,7293,7231,7262,8174,8717,8537,8561,542,7065,537,1527,149,8371,6590,8703,8169,8278,8057,8655,8050,8335,8397,8254,8686,8169,8506,8734,8734,8402,8530,8081,8081,8112,149,87,6907,7034,259
"90",9837,10024,10381,10568,9421,9546,7773,7692,6076,7056,7138,5842,7804,5734,7236,5861,5261,7589,5242,4907,5297,5662,4817,6682,7433,5877,5846,5496,7188,5045,5933,6045,6742,7018,6458,4898,5441,5705,4985,5429,4668,4817,6635,6595,6651,4699,4846,7224,7661,7462,5765,259,467,6874,2100,629,2069,7380,8458,8365,1647,149,7152,7318,852,2100,315,6995,2069,660,593,149,290,31,118,466,6787,6818,346,6787,1502,178,6528,149,6905,6677,6736,7349,149,0,6905,8144,790,624,593,821,6905,7121,7152,8617,8256,8489,7349,7380,7380,8199,8742,8593,8617,629,7121,624,1502,62,8489,6646,8852,8225,8365,8082,8804,8168,8484,8422,8372,8804,8194,8624,8852,8821,8489,8648,8137,8168,8261,31,62,6964,7121,377
"91",10009,10134,7865,7990,9593,9749,4969,4658,3409,4358,4135,3206,4969,3129,4538,3194,2625,4785,2575,2210,2661,3057,2119,3847,4735,3241,3241,2798,4322,2347,3297,3409,3739,4413,3934,2374,2743,3007,2287,2762,2237,2150,3907,3766,3710,2237,2179,4190,4658,4857,3129,6677,6619,31,8738,7329,8738,2426,5102,5009,8318,6787,2654,2457,7034,8738,6590,91,8738,7298,7293,6787,6646,6905,6818,6619,118,118,6590,149,8283,6847,377,6756,31,228,350,2457,6818,6905,0,5182,7065,7262,7262,7065,31,2685,2685,5717,5294,5102,2426,2457,2426,5330,5417,5662,5686,7329,2654,7231,8345,6843,5071,259,5465,5294,5009,5213,5417,5206,5097,5097,4954,5386,5325,5662,5434,5465,5040,5686,5206,5175,5330,6874,6905,122,2685,6559
"92",9819,9788,9403,9372,9434,9434,6158,5984,4399,6550,6509,4750,6127,4150,6680,4719,4582,6447,4582,5134,4822,4582,5045,6941,6341,4262,4262,4928,6478,5273,4318,4430,7001,6742,6860,5300,4781,4613,5213,4719,5132,5014,6831,6997,6941,5101,5105,6656,6046,5878,4119,8372,8343,5213,9274,7834,9274,2830,462,350,9587,7995,2540,2830,7760,9212,8285,5271,9243,7834,7563,8057,8310,8144,8057,8344,5269,5300,8285,5300,9553,8117,5072,8026,5151,4954,5074,2799,8026,8144,5182,0,7822,7594,7594,7791,5213,2571,2571,602,112,462,2830,2799,2768,265,830,542,602,7803,2602,7563,9553,8113,493,4954,739,174,319,62,799,122,371,402,290,768,174,480,708,770,462,602,122,91,234,8113,8113,5302,2602,8285
"93",10271,10434,10815,10978,9855,9956,7199,6950,5670,7202,6398,5438,7230,5328,7526,5407,4807,6967,4838,5403,5443,5208,5313,7010,7029,5471,5440,5642,6566,5541,5527,5639,6902,7332,7128,5568,5037,5301,5481,4975,5338,5313,7131,6929,6811,5369,5342,7034,6919,7056,5359,593,627,7034,2366,895,2335,6590,7706,7623,2263,765,6818,6528,62,2366,475,7155,2335,926,259,765,624,821,734,626,7121,7152,506,7121,2292,794,7318,765,7065,7293,7352,6559,765,790,7065,7822,0,290,259,31,7065,6787,6818,8331,7934,7737,6559,6590,6590,7903,7952,8271,8331,895,6787,290,2292,852,7737,7262,8074,7903,7623,7760,8014,7882,7706,7644,7594,8014,7872,8302,8074,8043,7737,8362,7851,7882,7965,821,852,7124,6787,537
"94",10074,10206,10618,10750,9627,9790,7259,7178,5531,7032,6626,5361,7259,5282,7418,5330,4699,7058,4761,5234,5335,5162,5143,7070,6859,5363,5394,5534,6564,5371,5419,5531,7130,7286,6958,5398,4867,5131,5311,4898,5292,5174,6993,7188,7101,5292,5234,7262,7147,7010,5282,821,825,7262,2076,667,2107,6756,7965,7851,2037,537,6590,6818,290,2138,765,7353,2138,636,62,475,852,593,506,825,7380,7318,734,7349,2033,566,7152,506,7293,7034,7125,6818,506,624,7262,7594,290,0,31,290,7231,6590,6559,8103,7706,7934,6787,6787,6818,7737,8242,8043,8103,698,6559,31,2033,593,7903,7065,8271,7675,7882,7594,8211,7592,7903,7934,7760,8242,7706,8074,8302,8271,7934,8072,7623,7623,7706,624,593,7353,6559,703
"95",10043,10206,10587,10750,9658,9759,7290,7178,5562,7063,6595,5330,7290,5251,7418,5330,4730,7027,4761,5265,5366,5131,5174,7039,6890,5394,5363,5534,6595,5402,5450,5562,7099,7255,6989,5429,4898,5162,5342,4898,5261,5205,6993,7188,7070,5261,5203,7262,7116,6979,5251,852,825,7231,2107,698,2076,6787,7934,7882,2006,537,6590,6787,290,2138,734,7353,2138,667,31,506,852,624,537,825,7380,7349,765,7380,2033,535,7121,506,7293,7034,7094,6787,537,593,7262,7594,259,31,0,259,7262,6559,6590,8134,7706,7965,6756,6818,6818,7706,8211,8012,8072,667,6528,31,2064,593,7934,7065,8302,7644,7851,7563,8242,7623,7934,7903,7791,8242,7675,8074,8302,8302,7934,8103,7592,7623,7737,624,624,7322,6590,734
"96",10240,10403,10784,10947,9886,9987,7230,6919,5639,7202,6398,5407,7199,5359,7495,5438,4838,6936,4869,5402,5474,5239,5313,7010,7029,5502,5471,5611,6566,5541,5558,5670,6902,7363,7128,5568,5037,5301,5481,5006,5369,5282,7130,6960,6842,5338,5342,7003,6919,7087,5328,624,626,7034,2366,926,2335,6590,7675,7654,2264,734,6787,6559,31,2335,506,7154,2366,926,228,765,593,852,765,627,7152,7152,537,7152,2292,794,7349,765,7034,7293,7351,6528,734,821,7065,7791,31,290,259,0,7065,6756,6787,8362,7903,7706,6559,6559,6559,7934,7983,8271,8331,864,6787,290,2261,852,7737,7293,8043,7903,7592,7791,7983,7882,7675,7675,7594,7983,7903,8271,8043,8074,7737,8362,7851,7882,7934,852,821,7123,6818,537
"97",10009,10165,7865,8021,9562,9749,4938,4689,3378,4327,4135,3206,4938,3129,4569,3225,2594,4785,2606,2179,2630,3057,2088,3847,4704,3210,3241,2829,4291,2316,3266,3378,3739,4413,3903,2343,2712,2976,2256,2793,2237,2119,3938,3797,3710,2237,2179,4221,4658,4857,3129,6646,6650,31,8707,7298,8738,2395,5102,4978,8318,6818,2685,2457,7065,8769,6590,122,8769,7267,7293,6756,6677,6874,6787,6650,149,87,6559,118,8314,6847,377,6787,62,259,350,2457,6787,6905,31,5213,7065,7231,7262,7065,0,2685,2654,5686,5325,5071,2426,2426,2457,5330,5417,5662,5686,7329,2654,7262,8314,6874,5040,290,5434,5294,5009,5213,5386,5175,5066,5097,4923,5417,5325,5693,5465,5434,5071,5655,5206,5206,5299,6905,6874,122,2654,6528
"98",10972,11135,9788,9951,10618,10719,4602,4459,2843,4406,3938,2611,4571,2563,4699,2642,2042,4308,2073,2606,2678,2443,2517,4382,4233,2706,2675,2815,3938,2745,2762,2874,4442,4567,4332,2772,2241,2505,2685,2210,2573,2486,4334,4500,4382,2542,2546,4543,4459,4291,2532,7380,7382,2654,8666,7226,8635,290,2911,2890,8564,7034,31,259,6787,8635,7262,2774,8666,7226,6528,7065,7349,7152,7065,7383,2772,2772,7293,2772,8592,7094,2513,7065,2654,2457,2515,228,7034,7121,2685,2571,6787,6590,6559,6756,2685,0,31,3142,2683,2942,259,259,259,2714,3219,3051,3111,7164,31,6590,8561,7152,2973,2457,3279,2683,2828,2571,3219,2662,2911,2911,2830,3219,2683,3051,3279,3310,2973,3142,2631,2662,2714,7152,7121,2743,62,7293
"99",11003,11135,9819,9951,10587,10750,4571,4459,2812,4375,3969,2642,4540,2594,4699,2642,2011,4339,2073,2575,2647,2474,2486,4413,4202,2675,2706,2815,3907,2714,2731,2843,4473,4598,4301,2741,2210,2474,2654,2210,2604,2455,4334,4500,4413,2573,2577,4543,4490,4322,2563,7349,7382,2685,8635,7195,8666,259,2942,2859,8595,7034,31,290,6787,8635,7293,2774,8666,7195,6559,7034,7349,7121,7034,7383,2772,2741,7262,2741,8592,7125,2544,7065,2654,2457,2546,259,7003,7152,2685,2571,6818,6559,6590,6787,2654,31,0,3111,2683,2911,290,228,259,2745,3250,3082,3142,7195,62,6590,8530,7152,2942,2457,3248,2714,2859,2602,3188,2631,2880,2942,2799,3219,2714,3051,3279,3279,2973,3111,2662,2662,2683,7152,7090,2774,31,7262
"100",10294,10294,9878,9878,9816,9847,6516,6466,4819,7059,7019,5291,6547,4539,7186,5259,5060,7018,5092,5608,5300,5091,5518,7445,6820,4620,4651,5530,6987,5746,4676,4788,7505,7155,7333,5773,5260,5092,5686,5259,5605,5518,7367,7501,7414,5636,5609,7258,6466,6267,4570,8814,8879,5717,9783,8312,9814,3339,973,708,10090,8561,3142,3339,8362,9814,8758,5807,9783,8343,8134,8530,8876,8586,8499,8878,5773,5773,8727,5742,10088,8621,5545,8561,5717,5489,5579,3370,8530,8617,5717,602,8331,8103,8134,8362,5686,3142,3111,0,714,942,3370,3339,3370,714,379,122,62,8374,3142,8134,10057,8648,942,5458,319,714,770,571,379,511,911,911,799,410,683,122,350,288,973,31,542,542,714,8617,8617,5807,3080,8758
"101",9931,9900,9515,9484,9546,9546,6046,6096,4399,6662,6621,4862,6127,4262,6792,4831,4694,6559,4694,5246,4934,4694,5157,7053,6453,4150,4262,5040,6590,5385,4430,4318,7113,6854,6972,5412,4893,4725,5325,4831,5244,5126,6943,7109,7053,5213,5217,6768,6158,5990,4231,8484,8455,5325,9386,7946,9386,2942,350,462,9699,8107,2652,2942,7872,9324,8397,5383,9355,7946,7675,8169,8422,8256,8169,8456,5381,5412,8397,5412,9665,8229,5184,8138,5263,5066,5186,2911,8138,8256,5294,112,7934,7706,7706,7903,5325,2683,2683,714,0,350,2942,2911,2880,153,942,654,714,7915,2714,7675,9665,8225,381,5066,851,62,431,174,911,234,259,290,402,880,62,592,820,882,350,714,234,203,122,8225,8225,5414,2714,8397
"102",10178,10190,9762,9774,9762,9805,5986,5930,4507,6806,6422,4999,6067,4401,6962,5001,4802,6530,4862,5328,5078,4833,5239,6998,6559,4258,4401,5246,6530,5467,4538,4426,6890,6981,7054,5494,4999,4831,5407,5001,5357,5208,7087,6917,6830,5326,5330,6638,5961,6129,4370,8230,8263,5102,9650,8210,9681,2714,31,234,9932,8371,2942,2745,7706,9650,8174,5191,9681,8210,7934,8371,8230,8458,8371,8264,5189,5158,8143,5158,9929,8462,5417,8402,5071,5330,5419,2714,8340,8489,5102,462,7737,7934,7965,7706,5071,2942,2911,942,350,0,2745,2683,2714,290,745,973,973,8210,2973,7965,9867,8489,31,5330,683,381,234,493,683,462,91,153,234,714,381,942,714,714,62,942,493,493,228,8489,8427,5191,2942,8143
"103",11231,11394,10047,10210,10846,10947,4542,4262,2982,4483,3679,2750,4542,2671,4838,2750,2150,4279,2181,2685,2786,2551,2594,4291,4310,2814,2783,2954,3847,2822,2870,2982,4183,4675,4409,2849,2318,2582,2762,2318,2681,2625,4413,4272,4154,2681,2623,4346,4200,4399,2671,7152,7125,2395,8863,7454,8832,31,2714,2662,8762,7293,290,31,6590,8894,7034,2517,8894,7423,6787,7262,7152,7380,7293,7125,2544,2513,7065,2544,8789,7291,2741,7262,2457,2654,2714,31,7293,7349,2426,2830,6559,6787,6756,6559,2426,259,290,3370,2942,2745,0,62,62,2942,2991,3248,3308,7423,228,6787,8820,7349,2714,2685,3082,2880,2631,2799,3022,2859,2714,2683,2571,3022,2911,3310,3082,3082,2714,3339,2828,2859,2973,7380,7380,2486,290,7034
"104",11231,11363,10047,10179,10815,10978,4511,4231,2920,4483,3741,2750,4480,2702,4807,2750,2119,4279,2181,2683,2755,2582,2594,4353,4310,2783,2814,2923,3847,2822,2839,2951,4245,4706,4409,2849,2318,2582,2762,2318,2712,2563,4442,4272,4185,2681,2685,4315,4262,4430,2671,7121,7154,2457,8863,7423,8894,31,2714,2631,8823,7262,259,62,6559,8863,7065,2546,8894,7423,6787,7262,7121,7349,7262,7155,2544,2513,7034,2513,8820,7353,2772,7293,2426,2685,2774,31,7231,7380,2457,2799,6590,6787,6818,6559,2426,259,228,3339,2911,2683,62,0,31,2973,3022,3310,3370,7423,290,6818,8758,7380,2714,2685,3020,2942,2631,2830,2960,2859,2652,2714,2571,2991,2942,3279,3051,3051,2745,3339,2890,2890,2911,7380,7318,2546,259,7034
"105",11231,11332,10047,10148,10846,10978,4542,4200,2951,4514,3741,2750,4511,2702,4776,2719,2150,4279,2150,2714,2786,2582,2625,4353,4341,2814,2814,2892,3878,2853,2870,2982,4245,4706,4440,2880,2349,2613,2793,2287,2712,2594,4411,4241,4185,2681,2685,4284,4262,4430,2671,7152,7123,2457,8894,7454,8894,62,2714,2662,8823,7231,228,62,6528,8832,7065,2515,8863,7454,6787,7293,7090,7380,7293,7124,2513,2544,7065,2544,8789,7353,2772,7262,2395,2654,2774,31,7262,7380,2426,2768,6590,6818,6818,6559,2457,259,259,3370,2880,2714,62,31,0,2973,3022,3310,3370,7423,290,6787,8789,7349,2745,2654,3051,2942,2631,2830,2991,2890,2683,2714,2602,2960,2942,3248,3020,3082,2714,3370,2890,2859,2942,7349,7349,2546,290,7065
"106",9950,9993,9534,9577,9534,9515,6046,6189,4461,6729,6619,4891,6189,4231,6885,4862,4694,6590,4723,5252,4970,4663,5162,7027,6482,4150,4231,5169,6621,5390,4430,4318,7087,6811,6977,5417,4922,4754,5330,4862,5187,5162,6980,7114,6996,5218,5191,6897,6158,5959,4262,8458,8492,5299,9453,7982,9422,2973,259,462,9672,8174,2745,2911,7965,9453,8340,5420,9422,8013,7706,8174,8489,8230,8143,8491,5386,5417,8371,5386,9701,8203,5127,8174,5330,5102,5161,2942,8174,8199,5330,265,7903,7737,7706,7934,5330,2714,2745,714,153,290,2942,2973,2973,0,911,714,714,7982,2714,7737,9701,8261,290,5071,973,122,462,203,973,265,381,319,493,973,91,745,973,942,290,745,234,265,62,8230,8261,5389,2714,8402
"107",10575,10594,10159,10178,10159,10116,6607,6358,5078,7186,6670,5278,6638,4736,7366,5247,5079,6807,5110,5675,5427,5048,5585,7282,6869,4879,4848,5626,6838,5813,4935,5047,7174,7316,7400,5840,5309,5141,5753,5247,5610,5585,7403,7201,7083,5641,5614,7018,6327,6464,4767,8545,8579,5386,10030,8559,9999,3022,714,631,10215,8717,3250,2960,8014,10030,8427,5507,9999,8590,8211,8717,8576,8773,8686,8578,5473,5504,8458,5473,10244,8746,5670,8717,5417,5645,5704,2991,8717,8742,5417,830,7952,8242,8211,7983,5417,3219,3250,379,942,745,2991,3022,3022,911,0,319,379,8559,3219,8242,10244,8804,745,5614,122,911,631,768,62,890,714,652,602,62,880,350,122,91,745,410,859,890,973,8773,8804,5476,3219,8489
"108",10299,10330,9883,9914,9914,9883,6638,6526,4910,6999,6927,5230,6638,4599,7222,5230,5062,6927,5093,5585,5302,5031,5494,7359,6790,4742,4711,5470,6927,5722,4798,4910,7419,7191,7309,5749,5230,5062,5662,5230,5581,5525,7313,7508,7390,5581,5523,7198,6464,6327,4599,8852,8825,5631,9723,8314,9692,3279,942,830,10006,8537,3082,3279,8302,9754,8734,5753,9754,8283,8043,8506,8852,8624,8537,8825,5780,5749,8765,5780,10033,8535,5521,8506,5693,5434,5494,3279,8537,8593,5662,542,8271,8043,8012,8271,5662,3051,3082,122,654,973,3248,3310,3310,714,319,0,60,8283,3020,8043,10064,8593,942,5465,290,592,799,511,350,571,882,851,739,350,623,62,290,290,942,91,540,571,745,8624,8624,5722,3082,8734
"109",10263,10294,9847,9878,9878,9847,6578,6466,4850,7059,6957,5260,6578,4539,7186,5290,5122,6987,5123,5609,5362,5091,5518,7383,6820,4682,4651,5530,6987,5746,4738,4850,7443,7155,7333,5773,5260,5092,5686,5290,5605,5549,7337,7532,7414,5605,5547,7258,6404,6267,4539,8876,8849,5655,9783,8374,9752,3339,942,770,10030,8561,3142,3339,8362,9814,8758,5777,9814,8343,8103,8530,8876,8648,8561,8849,5804,5773,8789,5804,10057,8559,5545,8530,5717,5458,5518,3339,8561,8617,5686,602,8331,8103,8072,8331,5686,3111,3142,62,714,973,3308,3370,3370,714,379,60,0,8343,3080,8103,10088,8617,942,5489,350,652,739,571,410,511,942,911,799,410,683,122,350,350,942,31,480,511,745,8648,8648,5746,3142,8758
"110",9376,9563,9920,10107,9022,9147,7530,7387,5771,6458,7262,5359,7499,5491,6775,5390,5366,7056,5397,5330,4730,5191,5241,7106,6981,5634,5603,4867,7262,5469,5690,5802,7166,6619,7056,5496,5565,5253,5409,5534,5297,5210,7058,7224,7106,5266,5270,6595,7387,7219,5460,888,890,7298,1502,62,1471,7454,8179,8122,2072,542,7195,7423,895,1471,770,7418,1502,62,636,573,857,660,573,891,7416,7416,801,7416,2100,602,7157,573,7298,7101,7159,7392,542,629,7329,7803,895,698,667,864,7329,7164,7195,8374,7915,8210,7423,7423,7423,7982,8559,8283,8343,0,7195,698,2069,660,8241,7101,8511,7915,8060,7803,8559,7894,8143,8143,8062,8559,7915,8283,8511,8542,8241,8374,7863,7894,7982,660,629,7387,7226,801
"111",11003,11166,9819,9982,10618,10719,4602,4490,2874,4375,3907,2642,4602,2563,4730,2642,2042,4339,2073,2577,2678,2443,2486,4351,4202,2706,2675,2846,3907,2714,2762,2874,4411,4567,4301,2741,2210,2474,2654,2210,2573,2517,4305,4500,4382,2573,2515,4574,4428,4291,2563,7380,7353,2623,8635,7226,8604,259,2942,2890,8534,7065,62,259,6818,8666,7262,2745,8666,7195,6559,7034,7380,7152,7065,7353,2772,2741,7293,2772,8561,7063,2513,7034,2685,2426,2486,259,7065,7121,2654,2602,6787,6559,6528,6787,2654,31,62,3142,2714,2973,228,290,290,2714,3219,3020,3080,7195,0,6559,8592,7121,2942,2457,3310,2652,2859,2571,3250,2631,2942,2911,2799,3250,2683,3082,3310,3310,2942,3111,2600,2631,2745,7152,7152,2714,62,7262
"112",10074,10175,10618,10719,9658,9790,7290,7147,5562,7063,6626,5361,7290,5282,7387,5299,4730,7058,4730,5265,5366,5162,5174,7070,6890,5394,5394,5503,6595,5402,5450,5562,7130,7286,6989,5429,4898,5162,5342,4867,5292,5205,6962,7157,7101,5292,5234,7231,7147,7010,5282,852,794,7262,2107,698,2107,6787,7965,7882,2037,506,6559,6818,259,2107,765,7322,2107,667,62,506,821,624,537,794,7349,7349,765,7380,2002,566,7152,475,7262,7003,7125,6818,537,624,7231,7563,290,31,31,290,7262,6590,6590,8134,7675,7965,6787,6818,6787,7737,8242,8043,8103,698,6559,0,2064,562,7934,7034,8302,7675,7882,7594,8242,7623,7934,7934,7791,8211,7706,8043,8271,8302,7903,8103,7623,7592,7737,593,624,7353,6590,734
"113",9837,9993,10381,10537,9421,9608,8061,7949,7454,7313,7457,7282,8030,7236,7493,7332,6701,7877,6713,6315,6737,7164,6226,7001,7690,7317,7348,6905,7445,6454,7373,7485,7061,7368,6715,6307,6850,7114,6394,6900,6170,6195,6922,6914,7001,6139,6317,7481,8556,7812,7205,1699,1906,8345,629,2069,660,8789,9898,9805,239,1558,8561,8820,2261,629,1817,8434,660,2069,2033,1558,1699,1471,1558,1907,8258,8227,1786,8227,62,1649,8030,1589,8314,8117,8206,8789,1527,1502,8345,9553,2292,2033,2064,2261,8314,8561,8530,10057,9665,9867,8820,8758,8789,9701,10244,10064,10088,2069,8592,2064,0,1502,9898,8117,10230,9696,9805,9584,10182,9577,9862,9924,9781,10213,9696,10033,10261,10261,9929,10057,9608,9608,9639,1502,1440,8434,8561,1786
"114",9868,9993,10412,10537,9452,9608,7804,7661,6076,7025,7138,5873,7804,5796,7205,5861,5292,7620,5242,4877,5328,5724,4786,6682,7402,5908,5908,5465,7157,5014,5964,6076,6742,7080,6427,4867,5410,5674,4954,5429,4730,4817,6574,6595,6713,4730,4846,7193,7661,7524,5796,290,406,6874,2069,660,2069,7349,8489,8396,1649,118,7121,7380,821,2069,377,6934,2069,629,624,118,259,62,149,406,6787,6787,377,6818,1440,178,6590,87,6874,6615,6737,7380,149,62,6843,8113,852,593,593,852,6874,7152,7152,8648,8225,8489,7349,7380,7349,8261,8804,8593,8617,660,7121,562,1502,0,8458,6646,8852,8225,8396,8144,8804,8137,8484,8484,8341,8773,8256,8593,8821,8852,8427,8617,8137,8106,8261,31,62,6965,7152,346
"115",10209,10221,9793,9805,9762,9805,5986,5961,4538,6775,6391,5030,6098,4401,6993,5001,4802,6561,4862,5299,5078,4833,5208,6967,6528,4258,4401,5277,6499,5436,4538,4426,6859,6981,7023,5463,4968,4800,5376,5001,5357,5239,7058,6917,6830,5357,5299,6669,5930,6129,4401,8230,8234,5071,9619,8210,9650,2683,62,234,9902,8402,2973,2745,7737,9681,8174,5162,9681,8179,7965,8340,8261,8458,8371,8234,5189,5127,8143,5158,9898,8431,5417,8371,5102,5299,5390,2745,8371,8489,5071,493,7737,7903,7934,7737,5040,2973,2942,942,381,31,2714,2714,2745,290,745,942,942,8241,2942,7934,9898,8458,0,5330,714,350,265,493,714,431,122,153,203,745,381,973,745,714,31,911,462,462,259,8489,8458,5162,2942,8112
"116",9781,9906,7637,7762,9334,9490,4998,4886,3301,4281,4394,3098,5029,2990,4430,3055,2486,4845,2436,2132,2522,2918,2042,3938,4658,3102,3102,2690,4413,2270,3158,3270,3998,4274,3857,2297,2666,2930,2210,2623,2098,2042,3829,3963,3907,2129,2102,4418,4917,4718,3021,6874,6877,290,8541,7070,8541,2685,5330,5206,8119,6559,2426,2654,7262,8510,6787,349,8479,7101,7065,6590,6874,6646,6559,6876,315,377,6787,346,8086,6650,118,6559,259,31,152,2685,6590,6646,259,4954,7262,7065,7065,7293,290,2457,2457,5458,5066,5330,2685,2685,2654,5071,5614,5465,5489,7101,2457,7034,8117,6646,5330,0,5693,5097,5237,4954,5645,5009,5325,5294,5213,5614,5066,5434,5662,5662,5299,5489,5009,4978,5102,6615,6677,380,2426,6818
"117",10527,10527,10111,10111,10111,10142,6547,6267,4956,7107,6761,5338,6516,4738,7299,5338,5139,6867,5201,5691,5379,5170,5602,7361,6898,4819,4850,5547,6867,5830,4875,4987,7253,7330,7417,5857,5338,5170,5770,5338,5720,5571,7450,7280,7193,5689,5693,6939,6298,6466,4707,8593,8626,5465,9951,8511,9982,3051,714,571,10295,8734,3279,3082,8043,9951,8537,5554,9982,8511,8271,8734,8593,8821,8734,8627,5552,5521,8506,5521,10292,8825,5780,8765,5434,5693,5782,3051,8703,8852,5465,739,8074,8271,8302,8043,5434,3279,3248,319,851,683,3082,3020,3051,973,122,290,350,8511,3310,8302,10230,8852,714,5693,0,882,571,770,60,799,592,654,511,91,882,259,31,31,745,319,830,830,911,8852,8790,5554,3279,8506
"118",9931,9962,9515,9546,9546,9515,6046,6158,4430,6631,6559,4862,6158,4231,6854,4862,4694,6559,4725,5217,4934,4663,5126,6991,6422,4150,4231,5102,6559,5354,4430,4318,7051,6823,6941,5381,4862,4694,5294,4862,5213,5157,6945,7140,7022,5213,5155,6830,6096,5959,4231,8484,8457,5263,9355,7946,9324,2911,350,462,9638,8169,2714,2911,7934,9386,8366,5385,9386,7915,7675,8138,8484,8256,8169,8457,5412,5381,8397,5412,9665,8167,5153,8138,5325,5066,5126,2911,8169,8225,5294,174,7903,7675,7644,7903,5294,2683,2714,714,62,381,2880,2942,2942,122,911,592,652,7915,2652,7675,9696,8225,350,5097,882,0,431,143,942,203,290,259,371,942,31,654,882,882,350,683,172,203,153,8256,8256,5354,2714,8366
"119",9980,10011,9564,9595,9626,9595,6038,5727,4447,6718,6280,4857,6007,4167,6783,4918,4750,6416,4751,5266,4990,4719,5177,6874,6479,4310,4279,5127,6478,5405,4366,4478,6766,6783,6992,5432,4919,4751,5345,4918,5233,5146,6994,6824,6706,5202,5206,6519,5727,5895,4136,8168,8170,4978,9562,8122,9531,2662,203,62,9808,8278,2859,2631,7623,9531,8050,5098,9562,8122,7820,8309,8137,8396,8309,8171,5096,5096,8081,5096,9836,8338,5293,8309,4978,5237,5295,2600,8278,8365,5009,319,7623,7882,7851,7592,5009,2828,2859,770,431,234,2631,2631,2631,462,631,799,739,8060,2859,7882,9805,8396,265,5237,571,431,0,319,631,290,203,203,122,631,431,799,571,602,265,770,259,290,462,8396,8365,5067,2890,8081
"120",9819,9850,9403,9434,9403,9372,6127,6046,4430,6550,6478,4750,6158,4088,6742,4719,4551,6447,4582,5135,4791,4520,5045,6910,6341,4231,4200,4990,6478,5273,4287,4399,6970,6680,6860,5300,4781,4613,5213,4719,5070,5045,6863,6997,6879,5101,5074,6718,6015,5816,4119,8341,8375,5182,9274,7803,9243,2830,462,319,9555,8057,2602,2768,7822,9274,8223,5303,9243,7834,7563,8057,8372,8113,8026,8374,5269,5300,8254,5269,9584,8086,5010,8057,5213,4985,5044,2799,8057,8082,5213,62,7760,7594,7563,7791,5213,2571,2602,571,174,493,2799,2830,2830,203,768,511,571,7803,2571,7594,9584,8144,493,4954,770,143,319,0,830,122,402,340,290,830,112,542,770,739,493,602,91,122,265,8113,8144,5272,2571,8285
"121",10575,10563,10159,10147,10159,10178,6607,6327,5016,7155,6701,5278,6576,4798,7335,5278,5079,6807,5141,5643,5427,5110,5554,7313,6838,4879,4910,5595,6807,5782,4935,5047,7205,7378,7369,5809,5278,5110,5722,5278,5672,5523,7402,7232,7145,5641,5645,6987,6358,6526,4767,8545,8578,5417,9999,8559,10030,2991,714,631,10247,8686,3219,3022,7983,9999,8489,5506,10030,8559,8211,8686,8545,8773,8686,8579,5504,5473,8458,5473,10244,8777,5732,8717,5386,5645,5734,2991,8655,8804,5417,799,8014,8211,8242,7983,5386,3219,3188,379,911,683,3022,2960,2991,973,62,350,410,8559,3250,8242,10182,8804,714,5645,60,942,631,830,0,859,652,714,571,31,942,319,91,91,745,379,890,890,911,8804,8742,5506,3219,8458
"122",9814,9814,9398,9398,9367,9398,6067,5986,4339,6548,6508,4811,6067,4090,6706,4810,4611,6538,4643,5098,4851,4642,5007,6934,6309,4171,4202,5050,6476,5235,4227,4339,6994,6706,6822,5262,4749,4581,5175,4810,5156,5038,6857,7052,6965,5156,5098,6778,5955,5818,4090,8365,8369,5206,9272,7863,9303,2828,493,259,9581,8081,2662,2890,7882,9334,8309,5297,9334,7832,7654,8019,8396,8137,8050,8369,5324,5262,8278,5293,9577,8110,5096,8050,5237,4978,5069,2890,8050,8168,5206,122,7882,7592,7623,7882,5175,2662,2631,511,234,462,2859,2859,2890,265,890,571,511,7894,2631,7623,9577,8137,431,5009,799,203,290,122,859,0,431,462,288,890,234,602,830,799,462,480,31,31,234,8168,8137,5297,2631,8247
"123",10159,10159,9743,9743,9743,9774,5955,5899,4476,6739,6393,4970,6036,4370,6931,4970,4771,6499,4833,5323,5011,4802,5234,6993,6530,4227,4370,5179,6499,5462,4507,4395,6885,6962,7049,5489,4970,4802,5402,4970,5352,5203,7082,6912,6825,5321,5325,6571,5930,6098,4339,8225,8258,5097,9583,8143,9614,2683,122,203,9927,8366,2911,2714,7675,9583,8169,5186,9614,8143,7903,8366,8225,8453,8366,8259,5184,5153,8138,5153,9924,8457,5412,8397,5066,5325,5414,2683,8335,8484,5097,371,7706,7903,7934,7675,5066,2911,2880,911,259,91,2714,2652,2683,381,714,882,942,8143,2942,7934,9862,8484,122,5325,592,290,203,402,652,431,0,62,143,683,290,851,623,623,153,911,462,462,319,8484,8422,5186,2911,8138
"124",10159,10190,9743,9774,9743,9712,5955,5930,4538,6770,6362,4970,6098,4308,6962,4939,4771,6499,4802,5355,5011,4740,5265,6962,6561,4227,4308,5210,6530,5493,4507,4395,6854,6900,7080,5520,5001,4833,5433,4939,5290,5265,7083,6881,6763,5321,5294,6602,5899,6036,4339,8225,8259,5066,9614,8143,9583,2714,122,203,9895,8397,2942,2652,7706,9614,8107,5187,9583,8174,7903,8397,8256,8453,8366,8258,5153,5184,8138,5153,9924,8426,5350,8397,5097,5325,5384,2683,8397,8422,5097,402,7644,7934,7903,7675,5097,2911,2942,911,290,153,2683,2714,2714,319,652,851,911,8143,2911,7934,9924,8484,153,5294,654,259,203,340,714,462,62,0,174,714,228,882,654,623,153,942,431,462,381,8453,8484,5156,2911,8169
"125",10078,10078,9662,9662,9631,9662,6067,5818,4507,6596,6250,4889,6067,4258,6850,4858,4659,6418,4721,5182,4899,4690,5091,6850,6387,4339,4370,5098,6356,5319,4395,4507,6742,6850,6906,5346,4827,4659,5259,4858,5240,5122,6941,6800,6713,5240,5182,6490,5787,5986,4258,8113,8117,4954,9440,8031,9471,2540,265,91,9785,8285,2830,2602,7594,9502,8057,5045,9502,8000,7822,8223,8144,8341,8254,8117,5072,5010,8026,5041,9781,8314,5300,8254,4985,5182,5273,2602,8254,8372,4954,290,7594,7760,7791,7594,4923,2830,2799,799,402,234,2571,2571,2602,493,602,739,799,8062,2799,7791,9781,8341,203,5213,511,371,122,290,571,288,143,174,0,602,402,770,542,511,234,768,319,319,462,8372,8341,5045,2799,7995
"126",10575,10532,10159,10116,10190,10178,6638,6296,5047,7186,6701,5278,6607,4798,7304,5247,5110,6807,5110,5674,5458,5110,5585,7313,6869,4910,4910,5564,6838,5813,4966,5078,7205,7378,7400,5840,5309,5141,5753,5247,5672,5554,7371,7201,7145,5641,5645,6956,6358,6526,4767,8576,8547,5417,10030,8590,10030,3022,714,662,10247,8655,3188,3022,7952,9968,8489,5475,9999,8590,8211,8717,8514,8804,8717,8548,5473,5504,8489,5504,10213,8777,5732,8686,5355,5614,5734,2991,8686,8804,5386,768,8014,8242,8242,7983,5417,3219,3219,410,880,714,3022,2991,2960,973,62,350,410,8559,3250,8211,10213,8773,745,5614,91,942,631,830,31,890,683,714,602,0,942,288,60,122,714,410,890,859,942,8773,8773,5506,3250,8489
"127",9931,9962,9515,9546,9515,9484,6015,6158,4430,6662,6590,4862,6158,4200,6854,4831,4663,6559,4694,5247,4903,4632,5157,7022,6453,4119,4200,5102,6590,5385,4399,4287,7082,6792,6972,5412,4893,4725,5325,4831,5182,5157,6975,7109,6991,5213,5186,6830,6127,5928,4231,8453,8487,5294,9386,7915,9355,2942,350,431,9667,8169,2714,2880,7934,9386,8335,5415,9355,7946,7675,8169,8484,8225,8138,8486,5381,5412,8366,5381,9696,8198,5122,8169,5325,5097,5156,2911,8169,8194,5325,174,7872,7706,7675,7903,5325,2683,2714,683,62,381,2911,2942,2942,91,880,623,683,7915,2683,7706,9696,8256,381,5066,882,31,431,112,942,234,290,228,402,942,0,654,882,851,381,714,203,234,153,8225,8256,5384,2683,8397
"128",10299,10268,9883,9852,9914,9914,6638,6464,4879,7030,6989,5230,6607,4630,7160,5199,5062,6927,5062,5614,5302,5062,5525,7421,6821,4742,4742,5408,6958,5753,4798,4910,7481,7222,7340,5780,5261,5093,5693,5199,5612,5494,7311,7477,7421,5581,5585,7136,6526,6358,4599,8852,8823,5693,9754,8314,9754,3310,942,830,10067,8475,3020,3310,8240,9692,8765,5751,9723,8314,8043,8537,8790,8624,8537,8824,5749,5780,8765,5780,10033,8597,5552,8506,5631,5434,5554,3279,8506,8624,5662,480,8302,8074,8074,8271,5693,3051,3051,122,592,942,3310,3279,3248,745,350,62,122,8283,3082,8043,10033,8593,973,5434,259,654,799,542,319,602,851,882,770,288,654,0,228,290,942,122,602,571,714,8593,8593,5782,3082,8765
"129",10527,10496,10111,10080,10142,10142,6578,6236,4987,7138,6761,5338,6547,4738,7268,5307,5170,6867,5170,5722,5410,5170,5633,7361,6929,4850,4850,5516,6898,5861,4906,5018,7253,7330,7448,5888,5369,5201,5801,5307,5720,5602,7419,7249,7193,5689,5693,6908,6298,6466,4707,8624,8595,5465,9982,8542,9982,3082,714,602,10295,8703,3248,3082,8012,9920,8537,5523,9951,8542,8271,8765,8562,8852,8765,8596,5521,5552,8537,5552,10261,8825,5780,8734,5403,5662,5782,3051,8734,8852,5434,708,8074,8302,8302,8043,5465,3279,3279,350,820,714,3082,3051,3020,973,122,290,350,8511,3310,8271,10261,8821,745,5662,31,882,571,770,91,830,623,654,542,60,882,228,0,62,714,350,830,799,942,8821,8821,5554,3310,8537
"130",10558,10558,10142,10142,10080,10111,6516,6298,4987,7107,6761,5369,6547,4707,7330,5307,5108,6898,5170,5692,5348,5139,5602,7361,6898,4788,4819,5578,6867,5830,4844,4956,7253,7299,7417,5857,5338,5170,5770,5307,5689,5602,7451,7249,7162,5720,5693,6970,6298,6435,4738,8562,8627,5465,9951,8480,9982,3051,745,540,10294,8765,3310,3051,8074,9982,8506,5555,9951,8511,8302,8734,8624,8790,8703,8626,5521,5521,8475,5490,10292,8825,5749,8765,5465,5693,5783,3082,8734,8821,5465,770,8043,8271,8302,8074,5434,3310,3279,288,882,714,3082,3051,3082,942,91,290,350,8542,3310,8302,10261,8852,714,5662,31,882,602,739,91,799,623,623,511,122,851,290,62,0,745,319,830,830,942,8821,8821,5555,3248,8506
"131",10209,10190,9793,9774,9793,9805,6017,5930,4569,6806,6391,5030,6129,4401,6962,4970,4833,6561,4831,5330,5109,4833,5239,6967,6559,4289,4401,5246,6530,5467,4569,4457,6859,6981,7054,5494,4999,4831,5407,4970,5357,5270,7027,6886,6830,5357,5299,6638,5930,6129,4401,8261,8203,5071,9650,8241,9650,2714,62,265,9902,8371,2942,2745,7706,9650,8174,5131,9650,8210,7965,8371,8230,8489,8402,8203,5158,5158,8174,5189,9867,8431,5417,8340,5071,5268,5390,2745,8402,8489,5040,462,7737,7934,7934,7737,5071,2973,2973,973,350,62,2714,2745,2714,290,745,942,942,8241,2942,7903,9929,8427,31,5299,745,350,265,493,745,462,153,153,234,714,381,942,714,745,0,942,462,431,290,8458,8489,5162,2973,8143
"132",10294,10294,9878,9878,9847,9878,6547,6466,4819,7028,6988,5291,6547,4570,7186,5290,5091,7018,5123,5578,5331,5122,5487,7414,6789,4651,4682,5530,6956,5715,4707,4819,7474,7186,7302,5742,5229,5061,5655,5290,5636,5518,7337,7532,7445,5636,5578,7258,6435,6298,4570,8845,8849,5686,9752,8343,9783,3308,973,739,10061,8561,3142,3370,8362,9814,8789,5777,9814,8312,8134,8499,8876,8617,8530,8849,5804,5742,8758,5773,10057,8590,5576,8530,5717,5458,5549,3370,8530,8648,5686,602,8362,8072,8103,8362,5655,3142,3111,31,714,942,3339,3339,3370,745,410,91,31,8374,3111,8103,10057,8617,911,5489,319,683,770,602,379,480,911,942,768,410,714,122,350,319,942,0,511,511,714,8648,8617,5777,3111,8727
"133",9783,9814,9367,9398,9398,9367,6098,5986,4370,6579,6477,4780,6098,4059,6706,4810,4642,6507,4643,5129,4882,4611,5038,6903,6340,4202,4171,5050,6507,5266,4258,4370,6963,6675,6853,5293,4780,4612,5206,4810,5125,5069,6857,7052,6934,5125,5067,6778,5924,5787,4059,8396,8369,5175,9303,7894,9272,2859,462,290,9550,8081,2662,2859,7882,9334,8278,5297,9334,7863,7623,8050,8396,8168,8081,8369,5324,5293,8309,5324,9577,8079,5065,8050,5237,4978,5038,2859,8081,8137,5206,122,7851,7623,7592,7851,5206,2631,2662,542,234,493,2828,2890,2890,234,859,540,480,7863,2600,7623,9608,8137,462,5009,830,172,259,91,890,31,462,431,319,890,203,602,830,830,462,511,0,31,265,8168,8168,5266,2662,8278
"134",9814,9783,9398,9367,9398,9398,6098,5955,4370,6579,6508,4811,6098,4090,6675,4779,4642,6538,4612,5129,4882,4642,5038,6934,6340,4202,4202,5019,6507,5266,4258,4370,6994,6706,6853,5293,4780,4612,5206,4779,5156,5069,6826,7021,6965,5156,5098,6747,5955,5818,4090,8396,8338,5206,9303,7894,9303,2859,493,290,9581,8050,2631,2890,7851,9303,8309,5266,9303,7863,7654,8050,8365,8168,8081,8338,5293,5293,8309,5324,9546,8110,5096,8019,5206,4947,5069,2890,8081,8168,5175,91,7882,7623,7623,7882,5206,2662,2662,542,203,493,2859,2890,2859,265,890,571,511,7894,2631,7592,9608,8106,462,4978,830,203,290,122,890,31,462,462,319,859,234,571,799,830,431,511,31,0,265,8137,8168,5297,2662,8278
"135",9950,9962,9534,9546,9534,9577,6046,6158,4399,6698,6650,4891,6127,4293,6854,4893,4694,6590,4754,5220,4970,4725,5131,7058,6451,4150,4293,5138,6590,5359,4430,4318,7118,6873,6946,5386,4891,4723,5299,4893,5249,5100,6979,7145,7058,5218,5222,6866,6189,6021,4262,8458,8491,5330,9422,7982,9453,2942,259,462,9704,8143,2714,2973,7934,9422,8402,5419,9453,7982,7706,8143,8458,8230,8143,8492,5417,5386,8371,5386,9701,8234,5189,8174,5299,5102,5191,2942,8112,8261,5330,234,7965,7706,7737,7934,5299,2714,2683,714,122,228,2973,2911,2942,62,973,745,745,7982,2745,7737,9639,8261,259,5102,911,153,462,265,911,234,319,381,462,942,153,714,942,942,290,714,265,265,0,8261,8199,5419,2714,8371
"136",9868,9993,10412,10537,9421,9577,7773,7661,6076,7056,7169,5873,7804,5765,7205,5830,5261,7620,5211,4907,5297,5693,4817,6713,7433,5877,5877,5465,7188,5045,5933,6045,6773,7049,6458,4898,5441,5705,4985,5398,4699,4817,6604,6564,6682,4730,4877,7193,7692,7493,5796,259,436,6905,2100,629,2100,7380,8489,8365,1678,118,7121,7349,821,2069,346,6964,2038,660,624,149,259,31,118,435,6756,6818,346,6787,1471,209,6559,118,6874,6646,6767,7380,149,31,6874,8113,821,624,624,852,6905,7152,7152,8617,8225,8489,7380,7380,7349,8230,8773,8624,8648,660,7152,593,1502,31,8489,6615,8852,8256,8396,8113,8804,8168,8484,8453,8372,8773,8225,8593,8821,8821,8458,8648,8168,8137,8261,0,62,6995,7121,377
"137",9837,9993,10381,10537,9421,9608,7773,7661,6014,7025,7169,5842,7742,5796,7205,5892,5261,7589,5273,4875,5297,5724,4786,6713,7402,5877,5908,5465,7157,5014,5933,6045,6773,7080,6427,4867,5410,5674,4954,5460,4730,4755,6634,6626,6713,4699,4877,7193,7692,7524,5765,259,466,6905,2069,629,2100,7349,8458,8365,1679,118,7121,7380,821,2069,377,6994,2100,629,593,118,259,31,118,467,6818,6787,346,6787,1502,209,6590,149,6874,6677,6766,7349,87,62,6905,8113,852,593,624,821,6874,7121,7090,8617,8225,8427,7380,7318,7349,8261,8804,8624,8648,629,7152,624,1440,62,8458,6677,8790,8256,8365,8144,8742,8137,8422,8484,8341,8773,8256,8593,8821,8821,8489,8617,8168,8168,8199,62,0,6994,7121,346
"138",10067,10254,7923,8110,9683,9808,5059,4778,3498,4449,4195,3264,5058,3188,4658,3315,2715,4843,2696,2119,2751,3116,2210,3907,4826,3331,3300,2918,4413,2318,3387,3499,3679,4472,4025,2465,2834,3098,2378,2883,2296,2239,3847,3887,3769,2295,2119,4310,4718,4916,3187,6767,6559,91,8829,7419,8798,2517,5160,5099,8227,6907,2774,2516,7154,8858,6649,31,8859,7389,7351,6878,6766,6995,6908,6590,239,209,6680,239,8405,6787,436,6878,151,350,228,2515,6907,6964,122,5302,7124,7353,7322,7123,122,2743,2774,5807,5414,5191,2486,2546,2546,5389,5476,5722,5746,7387,2714,7353,8434,6965,5162,380,5554,5354,5067,5272,5506,5297,5186,5156,5045,5506,5384,5782,5554,5555,5162,5777,5266,5297,5419,6995,6994,0,2775,6650
"139",11034,11166,9850,9982,10556,10719,4540,4490,2843,4375,3969,2673,4571,2563,4730,2611,1980,4370,2042,2576,2616,2443,2486,4413,4202,2644,2675,2846,3907,2714,2700,2812,4473,4567,4301,2741,2210,2474,2654,2179,2573,2486,4335,4469,4382,2604,2577,4574,4490,4291,2594,7318,7383,2685,8635,7164,8666,259,2973,2828,8594,7065,62,259,6818,8666,7262,2775,8635,7195,6590,7034,7380,7090,7003,7382,2741,2741,7231,2710,8592,7125,2513,7065,2685,2457,2547,290,7034,7121,2685,2602,6787,6559,6590,6818,2654,62,31,3080,2714,2942,290,259,290,2714,3219,3082,3142,7226,62,6590,8561,7152,2942,2426,3279,2714,2890,2571,3219,2631,2911,2911,2799,3250,2683,3082,3310,3248,2973,3111,2662,2662,2714,7121,7121,2775,0,7262
"140",10009,10165,10553,10709,9562,9749,7626,7377,6066,7015,6823,5894,7626,5817,7257,5913,5282,7473,5294,4867,5318,5745,4776,6535,7392,5898,5929,5517,6979,5004,5954,6066,6427,7101,6591,5031,5400,5664,4944,5481,4925,4807,6626,6485,6398,4925,4867,6909,7346,7545,5817,118,122,6559,2179,770,2210,7003,8174,8050,1790,290,7293,7065,537,2241,62,6650,2241,739,765,228,149,346,259,122,6677,6615,31,6646,1786,319,6905,259,6590,6787,6878,7065,259,377,6559,8285,537,703,734,537,6528,7293,7262,8758,8397,8143,7034,7034,7065,8402,8489,8734,8758,801,7262,734,1786,346,8112,6818,8506,8366,8081,8285,8458,8247,8138,8169,7995,8489,8397,8765,8537,8506,8143,8727,8278,8278,8371,377,346,6650,7262,0
