"","V1","V2","V3","V4","V5","V6","V7","V8","V9","V10","V11","V12","V13","V14","V15","V16","V17","V18","V19","V20","V21","V22","V23","V24","V25","V26","V27","V28","V29","V30","V31","V32","V33","V34","V35","V36","V37","V38","V39","V40","V41","V42","V43","V44","V45","V46","V47","V48","V49","V50","V51","V52","V53","V54","V55","V56","V57","V58","V59","V60","V61","V62","V63","V64","V65","V66","V67","V68","V69","V70","V71","V72","V73","V74","V75","V76","V77","V78","V79","V80","V81","V82","V83","V84","V85","V86","V87","V88","V89","V90","V91","V92","V93","V94","V95","V96","V97","V98","V99","V100","V101","V102","V103","V104","V105","V106","V107","V108","V109","V110","V111","V112","V113","V114","V115","V116","V117","V118","V119","V120","V121","V122","V123","V124","V125","V126","V127","V128","V129","V130","V131","V132","V133","V134","V135"
"1",0,460,3986,4032,638,4150,520,9126,5778,4210,9526,5896,0,460,5436,638,9408,3926,9586,3868,4092,5896,3868,520,402,14876,14310,14886,118,5778,352,15050,10792,5952,576,14426,14882,15054,14826,31638,31804,31864,31864,30780,30606,29500,30802,31184,31828,32212,31834,32264,30576,30864,33230,31690,31752,31962,32454,31638,31180,31180,30190,30236,30900,30740,29850,30120,29732,29732,30742,30900,31260,31952,31904,30786,32460,31866,32304,30914,31152,31670,29558,32082,31924,30900,32310,31552,32304,30808,31864,31278,31892,31930,30288,31278,31050,30920,30972,29500,31194,31510,31828,31450,30490,30198,29754,30288,30576,32830,31000,32098,30802,29094,30196,30062,29304,29326,31180,30258,31828,29034,30142,31114,30936,31828,32264,30142,30028,30876,32330,31060,32482,31932,31320
"2",460,0,4210,3808,178,3926,638,9586,5896,4092,9644,5672,460,342,5896,520,9526,4150,9362,4328,4210,6014,4092,296,178,14652,14192,15110,342,5554,576,15168,10910,5728,352,14886,15000,14936,14708,32098,31922,32153,32153,30898,31066,29960,31262,31644,32288,32672,32294,32724,31036,31324,33690,32150,32041,32422,32572,32098,31640,31640,30650,30525,31360,31200,30310,30409,29850,30021,31202,31360,31720,32412,32022,30904,32578,32326,32764,31203,31441,32130,30018,32371,32042,31360,32770,32012,32764,31268,31982,31738,32352,32048,30748,31738,31339,31038,31432,29960,31654,31970,32288,31910,30950,30658,30214,30748,31036,33119,31460,32558,31262,29554,30314,30522,29422,29786,31640,30718,32288,29494,30602,31574,31396,32288,32724,30602,30488,31336,32790,31520,32942,32392,31780
"3",3986,4210,0,638,4032,520,4150,5612,9644,520,5896,9526,3986,4210,9302,4032,6014,60,5896,118,578,9586,178,4150,4328,18862,18060,18516,3868,9704,4042,19036,14542,9878,4442,18352,18868,18744,18576,27948,28174,28174,28114,27030,26856,25750,27052,27554,28138,28462,28144,28514,26946,27174,29600,28060,28122,28212,28764,27888,27430,27430,26560,26546,27150,26990,26220,26430,25982,26042,27112,27210,27630,28202,28214,27096,28770,28236,28614,27224,27462,28040,25808,28452,28174,27210,28560,27802,28554,27058,28174,27588,28262,28180,26538,27588,27420,27230,27282,25810,27564,27820,28078,27820,26800,26568,26004,26598,26946,29200,27370,28468,27112,25404,26566,26372,25674,25696,27490,26508,28138,25404,26392,27484,27246,28078,28634,26452,26278,27246,28580,27370,28792,28242,27570
"4",4032,3808,638,0,3986,118,4210,5778,9468,520,5836,9244,4032,4150,9468,4328,5718,578,5554,520,402,9586,520,3868,3750,18224,18000,18918,4150,9126,4384,18740,14482,9300,3924,18458,18572,18744,18516,28290,28114,28345,28345,27090,27258,26152,27454,27836,28480,28864,28486,28916,27228,27516,29882,28342,28233,28614,28764,28290,27832,27832,26842,26717,27552,27392,26502,26601,26042,26213,27394,27552,27912,28604,28214,27096,28770,28518,28956,27395,27633,28322,26210,28563,28234,27552,28962,28204,28956,27460,28174,27930,28544,28240,26940,27930,27531,27230,27624,26152,27846,28162,28480,28102,27142,26850,26406,26940,27228,29311,27652,28750,27454,25746,26506,26714,25614,25978,27832,26910,28480,25686,26794,27766,27588,28480,28916,26794,26680,27528,28982,27712,29134,28584,27972
"5",638,178,4032,3986,0,3868,460,9644,5954,4210,9586,5494,638,520,5954,342,9704,4092,9244,4150,4268,5896,4210,118,296,14830,14370,15168,520,5672,694,15346,10852,5846,410,15004,15178,15054,14886,31980,31864,32035,31975,30720,30888,29782,31084,31586,32170,32494,32176,32546,30978,31206,33632,32092,31983,32244,32454,31920,31462,31462,30592,30407,31182,31022,30252,30291,29672,29903,31144,31242,31662,32234,31904,30786,32460,32268,32646,31085,31323,32072,29840,32313,31864,31242,32592,31834,32586,31090,31864,31620,32294,31870,30570,31620,31281,30920,31314,29842,31596,31852,32110,31852,30832,30600,30036,30630,30978,33061,31402,32500,31144,29436,30256,30404,29364,29728,31522,30540,32170,29436,30424,31516,31278,32110,32666,30484,30310,31278,32612,31402,32824,32274,31602
"6",4150,3926,520,118,3868,0,4092,5896,9586,638,5718,9126,4150,4268,9586,4210,5836,460,5436,402,520,9468,638,3750,3868,18342,18118,19036,4268,9244,4502,18858,14364,9418,4042,18576,18690,18862,18634,28172,27996,28227,28227,26972,27140,26034,27336,27718,28362,28746,28368,28798,27110,27398,29764,28224,28115,28496,28646,28172,27714,27714,26724,26599,27434,27274,26384,26483,25924,26095,27276,27434,27794,28486,28096,26978,28652,28400,28838,27277,27515,28204,26092,28445,28116,27434,28844,28086,28838,27342,28056,27812,28426,28122,26822,27812,27413,27112,27506,26034,27728,28044,28362,27984,27024,26732,26288,26822,27110,29193,27534,28632,27336,25628,26388,26596,25496,25860,27714,26792,28362,25568,26676,27648,27470,28362,28798,26676,26562,27410,28864,27594,29016,28466,27854
"7",520,638,4150,4210,460,4092,0,9526,5494,3986,9126,5718,520,296,5836,118,9244,4210,9468,4032,3808,5436,4328,342,520,15054,14146,15286,638,5896,812,14886,10392,6070,634,14886,14718,14830,14662,31862,31917,31746,31686,30773,30770,29664,30966,31468,32052,32376,32058,32428,30860,31088,33514,31974,31694,32126,32507,31802,31344,31344,30474,30118,31064,30904,30134,30002,29725,29614,31026,31124,31544,32116,31957,30839,32513,32150,32528,30796,31034,31954,29722,32024,31917,31124,32474,31716,32468,30972,31917,31502,32176,31923,30452,31502,30992,30973,31196,29724,31478,31734,31992,31734,30714,30482,29918,30512,30860,32772,31284,32382,31026,29318,30309,30286,29417,29610,31404,30422,32052,29318,30306,31398,31160,31992,32548,30366,30192,31160,32494,31284,32706,32156,31484
"8",9126,9586,5612,5778,9644,5896,9526,0,4032,5896,520,4150,9126,9586,3690,9644,402,5672,520,5494,5718,4210,5554,9526,9468,17234,16668,17124,9244,4092,9418,17408,9166,4266,9582,16724,17240,17352,17184,22572,22798,22798,22738,21654,21480,20374,21676,22178,22762,23086,22768,23138,21570,21798,24224,22684,22746,22836,23388,22512,22054,22054,21184,21170,21774,21614,20844,21054,20606,20666,21736,21834,22254,22826,22838,21720,23394,22860,23238,21848,22086,22664,20432,23076,22798,21834,23184,22426,23178,21682,22798,22212,22886,22804,21162,22212,22044,21854,21906,20434,22188,22444,22702,22444,21424,21192,20628,21222,21570,23824,21994,23092,21736,20028,21190,20996,20298,20320,22114,21132,22762,20028,21016,22108,21870,22702,23258,21076,20902,21870,23204,21994,23416,22866,22194
"9",5778,5896,9644,9468,5954,9586,5494,4032,0,9244,3868,460,5778,5554,342,5612,3750,9704,4210,9526,9066,178,9586,5836,5778,13544,12636,13776,5896,402,6070,13376,5134,576,5892,13376,13208,13320,13152,26604,26659,26488,26428,25515,25512,24406,25708,26210,26794,27118,26800,27170,25602,25830,28256,26716,26436,26868,27249,26544,26086,26086,25216,24860,25806,25646,24876,24744,24467,24356,25768,25866,26286,26858,26699,25581,27255,26892,27270,25538,25776,26696,24464,26766,26659,25866,27216,26458,27210,25714,26659,26244,26918,26665,25194,26244,25734,25715,25938,24466,26220,26476,26734,26476,25456,25224,24660,25254,25602,27514,26026,27124,25768,24060,25051,25028,24159,24352,26146,25164,26794,24060,25048,26140,25902,26734,27290,25108,24934,25902,27236,26026,27448,26898,26226
"10",4210,4092,520,520,4210,638,3986,5896,9244,0,5672,9704,4210,3750,9586,3868,5554,520,5954,638,178,9302,342,4328,4150,18744,17600,18800,4092,9526,4206,18576,14318,9700,4384,18516,18408,18224,18116,28348,28463,28232,28292,27379,27376,26270,27572,28014,28538,28982,28544,29034,27406,27574,30060,28520,28240,28732,28993,28408,27950,27950,27020,26604,27670,27510,26680,26488,26331,26100,27572,27610,28090,28722,28443,27325,28999,28696,29014,27282,27520,28500,26328,28570,28523,27610,29080,28322,29074,27578,28403,27988,28722,28529,27058,27988,27538,27459,27682,26210,28024,28220,28598,28280,27200,27028,26524,26998,27406,29318,27830,28928,27512,25804,26855,26772,25963,26156,27890,27028,28538,25864,26912,27944,27646,28598,29094,26852,26798,27706,29100,27770,29192,28642,28090
"11",9526,9644,5896,5836,9586,5718,9126,520,3868,5672,0,4092,9526,9302,4210,9244,118,5836,402,5778,5554,3750,6014,9468,9586,17292,16384,17644,9644,4210,9878,17124,8646,4384,9760,17184,16956,17128,16900,22796,22791,22680,22680,21767,21764,20658,21960,22342,22986,23370,22992,23422,21734,22022,24388,22848,22568,23120,23441,22796,22338,22338,21348,21052,22058,21898,21008,20936,20719,20548,21900,22058,22418,23110,22891,21773,23447,23024,23462,21730,21968,22828,20716,22898,22911,22058,23468,22710,23462,21966,22851,22436,23050,22917,21446,22436,21866,21907,22130,20658,22352,22668,22986,22608,21648,21356,20912,21446,21734,23646,22158,23256,21960,20252,21183,21220,20291,20484,22338,21416,22986,20192,21300,22272,22094,22986,23422,21300,21186,22034,23488,22218,23640,23090,22478
"12",5896,5672,9526,9244,5494,9126,5718,4150,460,9704,4092,0,5896,6014,460,5836,4210,9586,3750,9408,9526,402,9704,5376,5554,13320,13096,13894,6014,178,6188,13836,5358,352,5668,13494,13668,13780,13612,26486,26370,26541,26481,25226,25394,24288,25590,26092,26676,27000,26682,27052,25484,25712,28138,26598,26489,26750,26960,26426,25968,25968,25098,24913,25688,25528,24758,24797,24178,24409,25650,25748,26168,26740,26410,25292,26966,26774,27152,25591,25829,26578,24346,26819,26370,25748,27098,26340,27092,25596,26370,26126,26800,26376,25076,26126,25787,25426,25820,24348,26102,26358,26616,26358,25338,25106,24542,25136,25484,27567,25908,27006,25650,23942,24762,24910,23870,24234,26028,25046,26676,23942,24930,26022,25784,26616,27172,24990,24816,25784,27118,25908,27330,26780,26108
"13",0,460,3986,4032,638,4150,520,9126,5778,4210,9526,5896,0,460,5436,638,9408,3926,9586,3868,4092,5896,3868,520,402,14876,14310,14886,118,5778,352,15050,10792,5952,576,14426,14882,15054,14826,31638,31804,31864,31864,30780,30606,29500,30802,31184,31828,32212,31834,32264,30576,30864,33230,31690,31752,31962,32454,31638,31180,31180,30190,30236,30900,30740,29850,30120,29732,29732,30742,30900,31260,31952,31904,30786,32460,31866,32304,30914,31152,31670,29558,32082,31924,30900,32310,31552,32304,30808,31864,31278,31892,31930,30288,31278,31050,30920,30972,29500,31194,31510,31828,31450,30490,30198,29754,30288,30576,32830,31000,32098,30802,29094,30196,30062,29304,29326,31180,30258,31828,29034,30142,31114,30936,31828,32264,30142,30028,30876,32330,31060,32482,31932,31320
"14",460,342,4210,4150,520,4268,296,9586,5554,3750,9302,6014,460,0,5896,178,9184,4150,9704,4328,3868,5672,4092,638,520,14994,13850,15110,342,5896,576,14826,10568,6070,694,14886,14658,14594,14366,32098,32093,31982,31982,31069,31066,29960,31262,31644,32288,32672,32294,32724,31036,31324,33690,32150,31870,32422,32743,32098,31640,31640,30650,30354,31360,31200,30310,30238,30021,29850,31202,31360,31720,32412,32193,31075,32749,32326,32764,31032,31270,32130,30018,32200,32213,31360,32770,32012,32764,31268,32153,31738,32352,32219,30748,31738,31168,31209,31432,29960,31654,31970,32288,31910,30950,30658,30214,30748,31036,32948,31460,32558,31262,29554,30485,30522,29593,29786,31640,30718,32288,29494,30602,31574,31396,32288,32724,30602,30488,31336,32790,31520,32942,32392,31780
"15",5436,5896,9302,9468,5954,9586,5836,3690,342,9586,4210,460,5436,5896,0,5954,4092,9362,4210,9184,9408,520,9244,5836,5778,13544,12978,13434,5554,402,5728,13718,5476,576,5892,13034,13550,13662,13494,26262,26488,26488,26428,25344,25170,24064,25366,25868,26452,26776,26458,26828,25260,25488,27914,26374,26436,26526,27078,26202,25744,25744,24874,24860,25464,25304,24534,24744,24296,24356,25426,25524,25944,26516,26528,25410,27084,26550,26928,25538,25776,26354,24122,26766,26488,25524,26874,26116,26868,25372,26488,25902,26576,26494,24852,25902,25734,25544,25596,24124,25878,26134,26392,26134,25114,24882,24318,24912,25260,27514,25684,26782,25426,23718,24880,24686,23988,24010,25804,24822,26452,23718,24706,25798,25560,26392,26948,24766,24592,25560,26894,25684,27106,26556,25884
"16",638,520,4032,4328,342,4210,118,9644,5612,3868,9244,5836,638,178,5954,0,9362,4092,9586,4150,3926,5554,4210,460,638,15172,14028,15168,520,6014,694,15004,10510,6188,752,15004,14836,14712,14544,31980,32035,31864,31804,30891,30888,29782,31084,31586,32170,32494,32176,32546,30978,31206,33632,32092,31812,32244,32625,31920,31462,31462,30592,30236,31182,31022,30252,30120,29843,29732,31144,31242,31662,32234,32075,30957,32631,32268,32646,30914,31152,32072,29840,32142,32035,31242,32592,31834,32586,31090,32035,31620,32294,32041,30570,31620,31110,31091,31314,29842,31596,31852,32110,31852,30832,30600,30036,30630,30978,32890,31402,32500,31144,29436,30427,30404,29535,29728,31522,30540,32170,29436,30424,31516,31278,32110,32666,30484,30310,31278,32612,31402,32824,32274,31602
"17",9408,9526,6014,5718,9704,5836,9244,402,3750,5554,118,4210,9408,9184,4092,9362,0,5954,520,5896,5436,3868,5896,9586,9468,17174,16266,17526,9526,4092,9760,17006,8764,4266,9642,17066,16838,17010,16782,22914,22909,22798,22798,21885,21882,20776,22078,22460,23104,23488,23110,23540,21852,22140,24506,22966,22686,23238,23559,22914,22456,22456,21466,21170,22176,22016,21126,21054,20837,20666,22018,22176,22536,23228,23009,21891,23565,23142,23580,21848,22086,22946,20834,23016,23029,22176,23586,22828,23580,22084,22969,22554,23168,23035,21564,22554,21984,22025,22248,20776,22470,22786,23104,22726,21766,21474,21030,21564,21852,23764,22276,23374,22078,20370,21301,21338,20409,20602,22456,21534,23104,20310,21418,22390,22212,23104,23540,21418,21304,22152,23606,22336,23758,23208,22596
"18",3926,4150,60,578,4092,460,4210,5672,9704,520,5836,9586,3926,4150,9362,4092,5954,0,5896,178,638,9586,178,4210,4328,18802,18000,18576,3808,9704,4042,18976,14482,9878,4502,18352,18808,18744,18516,27948,28114,28174,28174,27090,26916,25810,27112,27494,28138,28522,28144,28574,26886,27174,29540,28000,28062,28272,28764,27948,27490,27490,26500,26546,27210,27050,26160,26430,26042,26042,27052,27210,27570,28262,28214,27096,28770,28176,28614,27224,27462,27980,25868,28392,28234,27210,28620,27862,28614,27118,28174,27588,28202,28240,26598,27588,27360,27230,27282,25810,27504,27820,28138,27760,26800,26508,26064,26598,26886,29140,27310,28408,27112,25404,26506,26372,25614,25636,27490,26568,28138,25344,26452,27424,27246,28138,28574,26452,26338,27186,28640,27370,28792,28242,27630
"19",9586,9362,5896,5554,9244,5436,9468,520,4210,5954,402,3750,9586,9704,4210,9586,520,5896,0,5778,5896,4032,5954,9126,9184,17010,16786,17644,9704,3808,9818,17526,9048,3982,9418,17124,17358,17410,17302,22736,22680,22791,22851,21596,21764,20658,21960,22402,22926,23370,22932,23422,21794,21962,24448,22908,22799,23120,23210,22796,22338,22338,21408,21163,22058,21898,21068,21047,20548,20659,21960,21998,22478,23110,22660,21542,23216,23084,23402,21841,22079,22888,20716,23129,22740,21998,23468,22710,23462,21966,22620,22376,23110,22746,21446,22376,22097,21676,22070,20598,22412,22608,22986,22668,21588,21416,20912,21386,21794,23877,22218,23316,21900,20192,21072,21160,20180,20544,22278,21416,22926,20252,21300,22332,22034,22986,23482,21240,21186,22094,23488,22158,23580,23030,22478
"20",3868,4328,118,520,4150,402,4032,5494,9526,638,5778,9408,3868,4328,9184,4150,5896,178,5778,0,460,9468,296,4032,4210,18744,18178,18634,3986,9586,4160,18918,14424,9760,4324,18234,18750,18862,18694,27830,28056,28056,27996,26912,26738,25632,26934,27436,28020,28344,28026,28396,26828,27056,29482,27942,28004,28094,28646,27770,27312,27312,26442,26428,27032,26872,26102,26312,25864,25924,26994,27092,27512,28084,28096,26978,28652,28118,28496,27106,27344,27922,25690,28334,28056,27092,28442,27684,28436,26940,28056,27470,28144,28062,26420,27470,27302,27112,27164,25692,27446,27702,27960,27702,26682,26450,25886,26480,26828,29082,27252,28350,26994,25286,26448,26254,25556,25578,27372,26390,28020,25286,26274,27366,27128,27960,28516,26334,26160,27128,28462,27252,28674,28124,27452
"21",4092,4210,578,402,4268,520,3808,5718,9066,178,5554,9526,4092,3868,9408,3926,5436,638,5896,460,0,9244,520,4150,4092,18626,17718,18858,4210,9468,4384,18458,14200,9642,4206,18458,18290,18402,18234,28290,28345,28174,28114,27201,27198,26092,27394,27896,28480,28804,28486,28856,27288,27516,29942,28402,28122,28554,28935,28230,27772,27772,26902,26546,27492,27332,26562,26430,26153,26042,27454,27552,27972,28544,28385,27267,28941,28578,28956,27224,27462,28382,26150,28452,28345,27552,28902,28144,28896,27400,28345,27930,28604,28351,26880,27930,27420,27401,27624,26152,27906,28162,28420,28162,27142,26910,26346,26940,27288,29200,27712,28810,27454,25746,26737,26714,25845,26038,27832,26850,28480,25746,26734,27826,27588,28420,28976,26794,26620,27588,28922,27712,29134,28584,27912
"22",5896,6014,9586,9586,5896,9468,5436,4210,178,9302,3750,402,5896,5672,520,5554,3868,9586,4032,9468,9244,0,9644,5778,5836,13662,12754,13954,6014,460,6128,13494,5016,634,6070,13434,13326,13378,13270,26426,26541,26310,26370,25457,25454,24348,25650,26092,26616,27060,26622,27112,25484,25652,28138,26598,26318,26810,27071,26486,26028,26028,25098,24682,25748,25588,24758,24566,24409,24178,25650,25688,26168,26800,26521,25403,27077,26774,27092,25360,25598,26578,24406,26648,26601,25688,27158,26400,27152,25656,26481,26066,26800,26607,25136,26066,25616,25537,25760,24288,26102,26298,26676,26358,25278,25106,24602,25076,25484,27396,25908,27006,25590,23882,24933,24850,24041,24234,25968,25106,26616,23942,24990,26022,25724,26676,27172,24930,24876,25784,27178,25848,27270,26720,26168
"23",3868,4092,178,520,4210,638,4328,5554,9586,342,6014,9704,3868,4092,9244,4210,5896,178,5954,296,520,9644,0,4328,4150,18744,17942,18458,3750,9526,3864,18918,14660,9700,4384,18174,18750,18566,18458,28006,28292,28232,28292,27208,27034,25928,27230,27672,28196,28640,28202,28692,27064,27232,29718,28178,28240,28390,28822,28066,27608,27608,26678,26604,27328,27168,26338,26488,26160,26100,27230,27268,27748,28380,28272,27154,28828,28354,28672,27282,27520,28158,25986,28570,28352,27268,28738,27980,28732,27236,28232,27646,28380,28358,26716,27646,27538,27288,27340,25868,27682,27878,28256,27938,26858,26686,26182,26656,27064,29318,27488,28586,27170,25462,26684,26430,25792,25814,27548,26686,28196,25522,26570,27602,27304,28256,28752,26510,26456,27364,28758,27428,28850,28300,27748
"24",520,296,4150,3868,118,3750,342,9526,5836,4328,9468,5376,520,638,5836,460,9586,4210,9126,4032,4150,5778,4328,0,178,14712,14488,15286,638,5554,812,15228,10734,5728,292,14886,15060,15172,15004,31862,31746,31917,31857,30602,30770,29664,30966,31468,32052,32376,32058,32428,30860,31088,33514,31974,31865,32126,32336,31802,31344,31344,30474,30289,31064,30904,30134,30173,29554,29785,31026,31124,31544,32116,31786,30668,32342,32150,32528,30967,31205,31954,29722,32195,31746,31124,32474,31716,32468,30972,31746,31502,32176,31752,30452,31502,31163,30802,31196,29724,31478,31734,31992,31734,30714,30482,29918,30512,30860,32943,31284,32382,31026,29318,30138,30286,29246,29610,31404,30422,32052,29318,30306,31398,31160,31992,32548,30366,30192,31160,32494,31284,32706,32156,31484
"25",402,178,4328,3750,296,3868,520,9468,5778,4150,9586,5554,402,520,5778,638,9468,4328,9184,4210,4092,5836,4150,178,0,14594,14370,15228,520,5376,634,15110,10852,5550,234,14708,14942,14994,14886,31920,31864,31975,32035,30780,30948,29842,31144,31586,32110,32554,32116,32606,30978,31146,33632,32092,31983,32304,32394,31980,31522,31522,30592,30347,31242,31082,30252,30231,29732,29843,31144,31182,31662,32294,31844,30726,32400,32268,32586,31025,31263,32072,29900,32313,31924,31182,32652,31894,32646,31150,31804,31560,32294,31930,30630,31560,31281,30860,31254,29782,31596,31792,32170,31852,30772,30600,30096,30570,30978,33061,31402,32500,31084,29376,30256,30344,29364,29728,31462,30600,32110,29436,30484,31516,31218,32170,32666,30424,30370,31278,32672,31342,32764,32214,31662
"26",14876,14652,18862,18224,14830,18342,15054,17234,13544,18744,17292,13320,14876,14994,13544,15172,17174,18802,17010,18744,18626,13662,18744,14712,14594,0,1492,694,14994,13202,15228,516,14118,13376,14768,1950,2064,520,2008,35306,35130,35361,35361,34106,34274,33168,34470,34852,35496,35880,35502,35932,34244,34532,36898,35358,35249,35630,35780,35306,34848,34848,33858,33733,34568,34408,33518,33617,33058,33229,34410,34568,34928,35620,35230,34112,35786,35534,35972,34411,34649,35338,33226,35579,35250,34568,35978,35220,35972,34476,35190,34946,35560,35256,33956,34946,34547,34246,34640,33168,34862,35178,35496,35118,34158,33866,33422,33956,34244,36327,34668,35766,34470,32762,33522,33730,32630,32994,34848,33926,35496,32702,33810,34782,34604,35496,35932,33810,33696,34544,35998,34728,36150,35600,34988
"27",14310,14192,18060,18000,14370,18118,14146,16668,12636,17600,16384,13096,14310,13850,12978,14028,16266,18000,16786,18178,17718,12754,17942,14488,14370,1492,0,1260,14192,12978,14078,976,12862,12804,14196,1384,808,1092,864,34392,34405,34294,34294,33363,33360,32254,33556,33956,34582,34966,34588,35036,33330,33850,36002,34444,34164,34716,35037,34392,33934,33934,32944,32648,33654,33494,32604,32532,32315,32144,33496,33654,34014,34706,34487,33369,35043,34620,35058,33326,33564,34424,32312,34494,34507,33654,35064,34306,35058,33562,34465,34032,34646,34513,33042,34032,33462,33503,33726,32254,33948,34264,34582,34204,33244,32952,32508,33042,33330,35260,33986,34852,33556,31848,32779,32816,32119,32312,33934,33012,34582,31788,32896,33868,33690,34582,35018,32896,33014,33630,35084,34046,35236,34686,34074
"28",14886,15110,18516,18918,15168,19036,15286,17124,13776,18800,17644,13894,14886,15110,13434,15168,17526,18576,17644,18634,18858,13954,18458,15286,15228,694,1260,0,14768,13836,14594,520,14122,13662,14994,1900,2068,576,2124,34908,35152,35152,35092,33990,33816,32710,34012,34532,35098,35422,35104,35492,33906,34366,36578,35020,35082,35172,35724,34848,34390,34390,33520,33506,34110,33950,33180,33390,32942,33002,34072,34170,34590,35162,35174,34056,35730,35196,35574,34184,34422,35000,32768,35412,35134,34170,35520,34762,35514,34018,35152,34548,35222,35140,33498,34548,34380,34190,34242,32770,34524,34780,35038,34780,33760,33528,32964,33558,33906,36178,34562,35428,34072,32364,33526,33332,32866,32888,34450,33468,35098,32364,33352,34444,34206,35038,35594,33412,33470,34206,35540,34562,35752,35202,34530
"29",118,342,3868,4150,520,4268,638,9244,5896,4092,9644,6014,118,342,5554,520,9526,3808,9704,3986,4210,6014,3750,638,520,14994,14192,14768,0,5896,234,15168,10910,6070,694,14544,15000,14936,14708,31756,31922,31982,31982,30898,30724,29618,30920,31302,31946,32330,31952,32382,30694,30982,33348,31808,31870,32080,32572,31756,31298,31298,30308,30354,31018,30858,29968,30238,29850,29850,30860,31018,31378,32070,32022,30904,32578,31984,32422,31032,31270,31788,29676,32200,32042,31018,32428,31670,32422,30926,31982,31396,32010,32048,30406,31396,31168,31038,31090,29618,31312,31628,31946,31568,30608,30316,29872,30406,30694,32948,31118,32216,30920,29212,30314,30180,29422,29444,31298,30376,31946,29152,30260,31232,31054,31946,32382,30260,30146,30994,32448,31178,32600,32050,31438
"30",5778,5554,9704,9126,5672,9244,5896,4092,402,9526,4210,178,5778,5896,402,6014,4092,9704,3808,9586,9468,460,9526,5554,5376,13202,12978,13836,5896,0,6010,13718,5476,174,5610,13316,13550,13602,13494,26544,26488,26599,26659,25404,25572,24466,25768,26210,26734,27178,26740,27230,25602,25770,28256,26716,26607,26928,27018,26604,26146,26146,25216,24971,25866,25706,24876,24855,24356,24467,25768,25806,26286,26918,26468,25350,27024,26892,27210,25649,25887,26696,24524,26937,26548,25806,27276,26518,27270,25774,26428,26184,26918,26554,25254,26184,25905,25484,25878,24406,26220,26416,26794,26476,25396,25224,24720,25194,25602,27685,26026,27124,25708,24000,24880,24968,23988,24352,26086,25224,26734,24060,25108,26140,25842,26794,27290,25048,24994,25902,27296,25966,27388,26838,26286
"31",352,576,4042,4384,694,4502,812,9418,6070,4206,9878,6188,352,576,5728,694,9760,4042,9818,4160,4384,6128,3864,812,634,15228,14078,14594,234,6010,0,15054,10796,5836,520,14658,14886,15050,14942,31522,31826,31766,31826,30724,30550,29444,30746,31206,31712,32156,31718,32226,30580,30980,33252,31694,31756,31906,32338,31582,31124,31124,30194,30120,30844,30684,29854,30004,29676,29616,30746,30784,31264,31896,31788,30670,32344,31870,32188,30798,31036,31674,29502,32086,31868,30784,32254,31496,32248,30752,31766,31162,31896,31874,30232,31162,31054,30804,30856,29384,31198,31394,31772,31454,30374,30202,29698,30172,30580,32852,31236,32102,30686,28978,30200,29946,29540,29562,31064,30202,31712,29038,30086,31118,30820,31772,32268,30026,30204,30880,32274,31176,32366,31816,31264
"32",15050,15168,19036,18740,15346,18858,14886,17408,13376,18576,17124,13836,15050,14826,13718,15004,17006,18976,17526,18918,18458,13494,18918,15228,15110,516,976,520,15168,13718,15054,0,13602,13544,14936,2124,1548,352,1840,35132,35145,35034,35034,34103,34100,32994,34296,34696,35322,35706,35328,35776,34070,34590,36742,35184,34904,35456,35777,35132,34674,34674,33684,33388,34394,34234,33344,33272,33055,32884,34236,34394,34754,35446,35227,34109,35783,35360,35798,34066,34304,35164,33052,35234,35247,34394,35804,35046,35798,34302,35205,34772,35386,35253,33782,34772,34202,34243,34466,32994,34688,35004,35322,34944,33984,33692,33248,33782,34070,36000,34726,35592,34296,32588,33519,33556,32859,33052,34674,33752,35322,32528,33636,34608,34430,35322,35758,33636,33754,34370,35824,34786,35976,35426,34814
"33",10792,10910,14542,14482,10852,14364,10392,9166,5134,14318,8646,5358,10792,10568,5476,10510,8764,14482,9048,14424,14200,5016,14660,10734,10852,14118,12862,14122,10910,5476,10796,13602,0,5302,10678,14010,13434,13954,13726,21530,21543,21432,21432,20501,20498,19392,20694,21094,21720,22104,21726,22174,20468,20988,23140,21582,21302,21854,22175,21530,21072,21072,20082,19786,20792,20632,19742,19670,19453,19282,20634,20792,21152,21844,21625,20507,22181,21758,22196,20464,20702,21562,19450,21632,21645,20792,22202,21444,22196,20700,21603,21170,21784,21651,20180,21170,20600,20641,20864,19392,21086,21402,21720,21342,20382,20090,19646,20180,20468,22398,21124,21990,20694,18986,19917,19954,19257,19450,21072,20150,21720,18926,20034,21006,20828,21720,22156,20034,20152,20768,22222,21184,22374,21824,21212
"34",5952,5728,9878,9300,5846,9418,6070,4266,576,9700,4384,352,5952,6070,576,6188,4266,9878,3982,9760,9642,634,9700,5728,5550,13376,12804,13662,6070,174,5836,13544,5302,0,5436,13490,13376,13776,13668,26370,26332,26443,26503,25230,25398,24292,25594,26054,26560,27004,26566,27074,25428,25828,28100,26542,26433,26754,26844,26430,25972,25972,25042,24797,25692,25532,24702,24681,24182,24293,25594,25632,26112,26744,26294,25176,26850,26718,27036,25475,25713,26522,24350,26763,26374,25632,27102,26344,27096,25600,26272,26010,26744,26380,25080,26010,25731,25310,25704,24232,26046,26242,26620,26302,25222,25050,24546,25020,25428,27529,26084,26950,25534,23826,24706,24794,24046,24410,25912,25050,26560,23886,24934,25966,25668,26620,27116,24874,25052,25728,27122,26024,27214,26664,26112
"35",576,352,4442,3924,410,4042,634,9582,5892,4384,9760,5668,576,694,5892,752,9642,4502,9418,4324,4206,6070,4384,292,234,14768,14196,14994,694,5610,520,14936,10678,5436,0,14942,14768,15228,15060,31806,31708,31879,31819,30546,30714,29608,30910,31430,31996,32320,32002,32390,30804,31264,33476,31918,31809,32070,32280,31746,31288,31288,30418,30233,31008,30848,30078,30117,29498,29729,30970,31068,31488,32060,31730,30612,32286,32094,32472,30911,31149,31898,29666,32139,31690,31068,32418,31660,32412,30916,31708,31446,32120,31696,30396,31446,31107,30746,31140,29668,31422,31678,31936,31678,30658,30426,29862,30456,30804,32905,31460,32326,30970,29262,30082,30230,29422,29786,31348,30366,31996,29262,30250,31342,31104,31936,32492,30310,30368,31104,32438,31460,32650,32100,31428
"36",14426,14886,18352,18458,15004,18576,14886,16724,13376,18516,17184,13494,14426,14886,13034,15004,17066,18352,17124,18234,18458,13434,18174,14886,14708,1950,1384,1900,14544,13316,14658,2124,14010,13490,14942,0,576,2008,520,34736,35022,34962,35022,33938,33764,32658,33960,34402,34926,35370,34932,35422,33794,33962,36448,34908,34970,35120,35552,34796,34338,34338,33408,33334,34058,33898,33068,33218,32890,32830,33960,33998,34478,35110,35002,33884,35558,35084,35402,34012,34250,34888,32716,35300,35082,33998,35468,34710,35462,33966,34962,34376,35110,35088,33446,34376,34268,34018,34070,32598,34412,34608,34986,34668,33588,33416,32912,33386,33794,36048,34218,35316,33900,32192,33414,33160,32522,32544,34278,33416,34926,32252,33300,34332,34034,34986,35482,33240,33186,34094,35488,34158,35580,35030,34478
"37",14882,15000,18868,18572,15178,18690,14718,17240,13208,18408,16956,13668,14882,14658,13550,14836,16838,18808,17358,18750,18290,13326,18750,15060,14942,2064,808,2068,15000,13550,14886,1548,13434,13376,14768,576,0,1900,292,34964,34977,34866,34866,33935,33932,32826,34128,34528,35154,35538,35160,35608,33902,34422,36574,35016,34736,35288,35609,34964,34506,34506,33516,33220,34226,34066,33176,33104,32887,32716,34068,34226,34586,35278,35059,33941,35615,35192,35630,33898,34136,34996,32884,35066,35079,34226,35636,34878,35630,34134,35037,34604,35218,35085,33614,34604,34034,34075,34298,32826,34520,34836,35154,34776,33816,33524,33080,33614,33902,35832,34558,35424,34128,32420,33351,33388,32691,32884,34506,33584,35154,32360,33468,34440,34262,35154,35590,33468,33586,34202,35656,34618,35808,35258,34646
"38",15054,14936,18744,18744,15054,18862,14830,17352,13320,18224,17128,13780,15054,14594,13662,14712,17010,18744,17410,18862,18402,13378,18566,15172,14994,520,1092,576,14936,13602,15050,352,13954,13776,15228,2008,1900,0,1608,35364,35479,35248,35308,34395,34392,33286,34588,35030,35554,35998,35560,36050,34422,34590,37076,35536,35256,35748,36009,35424,34966,34966,34036,33620,34686,34526,33696,33504,33347,33116,34588,34626,35106,35738,35459,34341,36015,35712,36030,34298,34536,35516,33344,35586,35539,34626,36096,35338,36090,34594,35419,35004,35738,35545,34074,35004,34554,34475,34698,33226,35040,35236,35614,35296,34216,34044,33540,34014,34422,36334,34846,35944,34528,32820,33871,33788,32979,33172,34906,34044,35554,32880,33928,34960,34662,35614,36110,33868,33814,34722,36116,34786,36208,35658,35106
"39",14826,14708,18576,18516,14886,18634,14662,17184,13152,18116,16900,13612,14826,14366,13494,14544,16782,18516,17302,18694,18234,13270,18458,15004,14886,2008,864,2124,14708,13494,14942,1840,13726,13668,15060,520,292,1608,0,35256,35251,35140,35140,34227,34224,33118,34420,34802,35446,35830,35452,35882,34194,34482,36848,35308,35028,35580,35901,35256,34798,34798,33808,33512,34518,34358,33468,33396,33179,33008,34360,34518,34878,35570,35351,34233,35907,35484,35922,34190,34428,35288,33176,35358,35371,34518,35928,35170,35922,34426,35311,34896,35510,35377,33906,34896,34326,34367,34590,33118,34812,35128,35446,35068,34108,33816,33372,33906,34194,36106,34618,35716,34420,32712,33643,33680,32751,32944,34798,33876,35446,32652,33760,34732,34554,35446,35882,33760,33646,34494,35948,34678,36100,35550,34938
"40",31638,32098,27948,28290,31980,28172,31862,22572,26604,28348,22796,26486,31638,32098,26262,31980,22914,27948,22736,27830,28290,26426,28006,31862,31920,35306,34392,34908,31756,26544,31522,35132,21530,26370,31806,34736,34964,35364,35256,0,3052,2992,3052,1266,1752,4546,2404,5672,3284,1090,1312,3908,5486,778,3206,508,234,1612,1726,60,2122,2782,4296,4900,2966,1282,2636,1866,3322,3922,1744,3236,1982,830,2056,4570,1396,2264,2912,1396,834,1942,3808,1456,682,2906,2312,1750,2642,5108,2992,3614,830,352,3014,3284,2488,1066,990,4486,2314,3284,3344,3344,5048,5108,3800,2954,5816,2350,1490,2264,2344,4400,3526,4726,4186,4664,2722,5438,982,4460,2404,1372,1874,1702,1538,2344,2522,1934,1208,1430,1874,1874,1982
"41",31804,31922,28174,28114,31864,27996,31917,22798,26659,28463,22791,26370,31804,32093,26488,32035,22909,28114,22680,28056,28345,26541,28292,31746,31864,35130,34405,35152,31922,26488,31826,35145,21543,26332,31708,35022,34977,35479,35251,3052,0,234,234,1846,1360,4814,2012,2968,2268,4082,3044,1264,5340,3158,2230,2880,2992,2606,2090,3052,3050,2390,4940,3380,2880,3254,2820,2020,3902,3416,2612,1890,4230,3598,2090,3206,2096,3846,3294,3254,3052,2204,3416,2552,2766,2880,4290,4082,4284,4032,60,2268,3538,2772,3258,3258,1520,3086,3046,4814,1178,2610,2268,2550,4374,4962,4728,3258,4350,1200,3750,3198,2012,4728,3822,3380,4034,4860,2390,4032,3698,4668,2672,3644,3906,3038,3910,2672,2778,3846,3976,3810,2922,3912,4290
"42",31864,32153,28174,28345,32035,28227,31746,22798,26488,28232,22680,26541,31864,31982,26488,31864,22798,28174,22791,28056,28174,26310,28232,31917,31975,35361,34294,35152,31982,26599,31766,35034,21432,26443,31879,34962,34866,35248,35140,2992,234,0,60,2020,1360,4814,2012,3028,2208,4082,2984,1264,5400,3098,2290,2940,2878,2606,2204,3052,3050,2390,5000,3146,2880,3254,2880,1786,4076,3182,2672,1830,4290,3598,2204,3320,2210,3906,3234,3020,2818,2264,3416,2438,2940,2820,4290,4082,4284,4032,174,2208,3598,2946,3258,3198,1406,3200,2986,4754,1238,2550,2268,2610,4314,5022,4728,3198,4410,1086,3810,3258,1952,4668,4056,3320,4268,4920,2330,4032,3638,4728,2672,3704,3846,3038,3970,2612,2778,3906,3976,3750,2862,3852,4290
"43",31864,32153,28114,28345,31975,28227,31686,22738,26428,28292,22680,26481,31864,31982,26428,31804,22798,28174,22851,27996,28114,26370,28292,31857,32035,35361,34294,35092,31982,26659,31826,35034,21432,26503,31819,35022,34866,35308,35140,3052,234,60,0,1960,1300,4754,1952,3028,2268,4022,3044,1204,5400,3158,2290,2940,2878,2546,2264,2992,2990,2330,5000,3206,2820,3194,2880,1846,4016,3242,2672,1890,4290,3538,2264,3380,2270,3906,3294,3080,2878,2264,3356,2438,2880,2880,4230,4022,4224,3972,234,2268,3598,2886,3198,3258,1406,3260,3046,4814,1238,2610,2208,2610,4374,5022,4668,3258,4410,1086,3810,3258,2012,4728,4056,3380,4268,4920,2390,3972,3698,4728,2612,3704,3906,2978,3970,2672,2718,3906,3916,3810,2922,3912,4230
"44",30780,30898,27030,27090,30720,26972,30773,21654,25515,27379,21767,25226,30780,31069,25344,30891,21885,27090,21596,26912,27201,25457,27208,30602,30780,34106,33363,33990,30898,25404,30724,34103,20501,25230,30546,33938,33935,34395,34227,1266,1846,2020,1960,0,834,3628,1486,4814,2486,2236,2578,2990,4628,2044,4076,1378,1266,2422,2308,1206,1204,1864,3438,3928,2048,2092,1778,894,2056,2950,886,2438,3188,1976,2638,3424,2314,3134,3842,2152,1926,2812,2890,2488,1144,2108,3458,2896,3452,4190,1846,2816,2036,1150,2096,2486,1456,1984,1920,3688,1456,2486,2426,2486,4250,4250,2882,2156,4958,3046,2696,3134,1546,3602,2320,3928,2980,3806,1924,4520,1912,3602,1486,2578,2804,2512,2408,1546,1604,2804,2354,2696,3140,3140,3128
"45",30606,31066,26856,27258,30888,27140,30770,21480,25512,27376,21764,25394,30606,31066,25170,30888,21882,26916,21764,26738,27198,25454,27034,30770,30948,34274,33360,33816,30724,25572,30550,34100,20498,25398,30714,33764,33932,34392,34224,1752,1360,1360,1300,834,0,3454,652,3980,2312,2722,1744,2156,4784,1870,3242,1864,1926,2578,2482,1692,1690,1030,3924,3598,2204,1918,1604,894,2890,2290,1372,1934,3014,2462,2482,3598,2488,3290,3338,2152,1926,2308,2056,2818,1978,2264,3614,2722,3608,4016,1360,2312,2522,1984,1922,2642,1786,2158,1746,3514,1282,2642,2252,2642,4406,4406,3368,1982,4454,2386,2522,3290,712,3428,3154,3424,3154,3632,1090,4016,2398,3428,1312,2404,2630,1678,2894,1372,1430,2630,2840,2522,2966,3296,2954
"46",29500,29960,25750,26152,29782,26034,29664,20374,24406,26270,20658,24288,29500,29960,24064,29782,20776,25810,20658,25632,26092,24348,25928,29664,29842,33168,32254,32710,29618,24466,29444,32994,19392,24292,29608,32658,32826,33286,33118,4546,4814,4814,4754,3628,3454,0,2802,2270,4927,5007,4318,5101,2455,4004,6187,4658,4720,5042,5606,4486,3975,3975,3761,2108,3788,4052,2858,3028,3236,3296,2862,3424,4639,3952,5276,2438,5612,4874,5623,4286,4060,5102,3062,5282,4772,3848,5569,4347,5563,1552,4814,4597,4012,4778,3547,4597,4250,4292,3880,60,4406,4597,4867,4597,1706,1706,2834,3607,2455,5840,3776,4450,2862,2234,1664,1934,1004,602,4035,1646,4312,2234,2142,3658,3460,3828,5179,2626,2260,3460,5125,3352,4786,4880,4579
"47",30802,31262,27052,27454,31084,27336,30966,21676,25708,27572,21960,25590,30802,31262,25366,31084,22078,27112,21960,26934,27394,25650,27230,30966,31144,34470,33556,34012,30920,25768,30746,34296,20694,25594,30910,33960,34128,34588,34420,2404,2012,2012,1952,1486,652,2802,0,3752,2455,2865,1516,2299,4927,2522,3385,2516,2578,3230,3134,2344,1833,1173,4067,4250,1976,2570,1376,1546,3542,2942,720,1282,3157,1810,3134,4250,3140,3062,3481,2804,2578,2960,2708,3470,2630,2036,3757,2865,3751,3364,2012,2455,1870,2636,2065,2785,2438,2810,2398,2862,1934,2785,2395,2785,4178,4178,3140,2125,4597,3038,2294,2638,60,3200,3806,4076,3806,3404,1233,3788,2170,3200,660,2176,1978,1026,3037,1144,778,1978,2983,1870,2314,3068,3097
"48",31184,31644,27554,27836,31586,27718,31468,22178,26210,28014,22342,26092,31184,31644,25868,31586,22460,27494,22402,27436,27896,26092,27672,31468,31586,34852,33956,34532,31302,26210,31206,34696,21094,26054,31430,34402,34528,35030,34802,5672,2968,3028,3028,4814,3980,2270,3752,0,4326,6140,4360,3322,3114,5778,4288,5500,5786,5226,5058,5672,5108,4448,4550,1890,4196,5874,4136,4814,4422,3762,4352,3630,6288,5338,5058,1890,5064,5162,5352,6048,5846,4824,3588,5346,5734,4196,6348,6140,6342,1488,3028,4326,5278,5740,5316,5316,4314,6054,5666,2270,3798,4668,4326,4608,1406,1994,3596,5316,2124,3994,5066,4938,3752,3596,2506,1716,2718,1892,4448,1064,5014,3536,4412,4960,5646,4778,5968,3988,4518,5586,6034,5550,4662,5228,6348
"49",31828,32288,28138,28480,32170,28362,32052,22762,26794,28538,22986,26676,31828,32288,26452,32170,23104,28138,22926,28020,28480,26616,28196,32052,32110,35496,34582,35098,31946,26734,31712,35322,21720,26560,31996,34926,35154,35554,35446,3284,2268,2208,2268,2486,2312,4927,2455,4326,0,2314,3374,1064,3742,3732,2090,3456,3518,2458,2230,3344,1282,1282,3456,3896,2720,3656,2720,2756,4542,4482,2455,1723,2632,3605,2780,3346,2236,3746,1576,3770,3788,2666,4368,2638,3630,2660,2632,2644,2626,3375,2208,550,3605,3636,1600,1540,1606,3776,3608,4867,1090,342,60,402,3604,4862,4458,1540,2752,3294,3882,2601,2395,4728,4746,3722,5076,4992,1222,3872,3368,4788,2785,3764,3739,3481,2426,2672,2903,3799,2432,3875,2205,3692,2632
"50",32212,32672,28462,28864,32494,28746,32376,23086,27118,28982,23370,27000,32212,32672,26776,32494,23488,28522,23370,28344,28804,27060,28640,32376,32554,35880,34966,35422,32330,27178,32156,35706,22104,27004,32320,35370,35538,35998,35830,1090,4082,4082,4022,2236,2722,5007,2865,6140,2314,0,1840,2818,4456,1868,2176,1538,1264,2582,2816,1030,1032,1692,3266,5990,3374,2252,3104,2956,4292,5012,2265,3817,952,1291,3146,5660,2486,2732,1942,2486,1924,2972,4778,2486,1652,3434,1222,660,1552,5569,4082,2644,1351,1322,1924,2314,3518,2156,2080,5067,3344,2314,2254,2314,5576,5576,4208,1984,4786,3380,1958,2785,2925,4928,4556,5816,5216,5132,1752,5846,1510,4928,2865,1840,2455,2163,508,2872,2983,2455,118,2011,2455,2402,892
"51",31834,32294,28144,28486,32176,28368,32058,22768,26800,28544,22992,26682,31834,32294,26458,32176,23110,28144,22932,28026,28486,26622,28202,32058,32116,35502,34588,35104,31952,26740,31718,35328,21726,26566,32002,34932,35160,35560,35452,1312,3044,2984,3044,2578,1744,4318,1516,4360,3374,1840,0,3338,5906,1430,2636,1820,1546,2594,2378,1372,2872,2212,5046,5222,2644,1934,1984,2518,4634,3914,2176,2678,2072,1262,2378,5222,2048,1942,2672,2048,1486,2264,3800,2438,1994,2584,2732,1840,3062,4880,2984,3374,1262,1664,3104,3704,3470,1718,1642,4258,2966,3704,3434,3764,4726,4786,3808,3044,5576,2342,838,2366,1456,3748,4838,5048,4838,4012,2152,4456,990,3808,2176,720,1646,814,2288,1692,2294,1706,1958,1202,1646,1552,2072
"52",32264,32724,28514,28916,32546,28798,32428,23138,27170,29034,23422,27052,32264,32724,26828,32546,23540,28574,23422,28396,28856,27112,28692,32428,32606,35932,35036,35492,32382,27230,32226,35776,22174,27074,32390,35422,35608,36050,35882,3908,1264,1264,1204,2990,2156,5101,2299,3322,1064,2818,3338,0,4196,4014,1086,3796,4082,3402,3294,3848,1786,1126,3796,4410,3114,4050,3174,3050,5046,4446,3019,2237,3086,3885,3294,4410,3300,4200,2090,4284,4082,3120,4212,3642,3910,3174,3026,2818,3020,4319,1264,1064,3945,3916,1994,2054,2610,4290,3902,5161,2094,1406,1004,1406,4668,5316,4962,2054,3206,2290,4104,3605,2359,5022,5086,4236,5298,5214,1186,4266,3992,5022,2959,3998,4253,3325,2766,2966,3065,4253,2712,4157,3269,4206,3026
"53",30576,31036,26946,27228,30978,27110,30860,21570,25602,27406,21734,25484,30576,31036,25260,30978,21852,26886,21794,26828,27288,25484,27064,30860,30978,34244,33330,33906,30694,25602,30580,34070,20468,25428,30804,33794,33902,34422,34194,5486,5340,5400,5400,4628,4784,2455,4927,3114,3742,4456,5906,4196,0,5604,5162,5538,5600,5810,5972,5486,3424,3754,3090,2254,3322,5248,4252,4628,4236,4566,4537,4365,4164,5747,5422,2804,5978,4288,4218,5422,5660,5188,4392,5930,5772,3322,3234,4456,3228,2773,5400,3192,5687,5778,3192,2202,4898,5428,5480,2455,4712,3754,3742,3694,2732,1120,4152,3192,990,6366,5634,5893,4927,4152,2544,2080,2544,2460,3754,2170,5570,4092,4597,5516,5391,5953,4508,4544,4715,5331,4574,5747,5947,4354,4224
"54",30864,31324,27174,27516,31206,27398,31088,21798,25830,27574,22022,25712,30864,31324,25488,31206,22140,27174,21962,27056,27516,25652,27232,31088,31146,34532,33850,34366,30982,25770,30980,34590,20988,25828,31264,33962,34422,34590,34482,778,3158,3098,3158,2044,1870,4004,2522,5778,3732,1868,1430,4014,5604,0,3312,1286,1012,1730,2174,838,2900,2900,5074,4688,3084,740,2094,1324,4100,4040,2522,3024,1440,1608,1844,5018,1844,2382,2700,854,292,1730,3926,1574,1460,3024,2430,1208,2760,5556,3098,3402,1608,1130,2472,3402,2606,524,448,3944,2762,3402,3792,3462,5166,5226,4578,2412,5604,2456,712,2382,2462,3858,4304,4514,3408,3886,2840,5226,1760,3918,1862,830,1332,1820,2316,1802,1744,1392,1986,652,2322,1992,1440
"55",33230,33690,29600,29882,33632,29764,33514,24224,28256,30060,24388,28138,33230,33690,27914,33632,24506,29540,24448,29482,29942,28138,29718,33514,33632,36898,36002,36578,33348,28256,33252,36742,23140,28100,33476,36448,36574,37076,36848,3206,2230,2290,2290,4076,3242,6187,3385,4288,2090,2176,2636,1086,5162,3312,0,2710,3320,2436,2268,3206,2872,2212,4762,5436,4200,3084,4140,4076,6132,5472,3985,3263,2324,3243,2268,5436,2598,3114,1064,3258,3380,2034,5298,2880,2944,4200,2384,2176,2054,5405,2290,2090,3183,3274,3080,3080,3576,3588,2876,6187,3060,2432,2090,2372,5694,6282,6048,3080,4172,1204,3342,2519,3385,6048,6052,5262,6264,6180,2212,5352,2966,5988,4045,3236,3227,2359,1680,3992,4151,3167,2070,3455,2567,3504,2384
"56",31690,32150,28060,28342,32092,28224,31974,22684,26716,28520,22848,26598,31690,32150,26374,32092,22966,28000,22908,27942,28402,26598,28178,31974,32092,35358,34444,35020,31808,26716,31694,35184,21582,26542,31918,34908,35016,35536,35308,508,2880,2940,2940,1378,1864,4658,2516,5500,3456,1538,1820,3796,5538,1286,2710,0,622,1400,1574,508,2234,2894,4112,5072,3078,1070,2688,2038,3434,4094,1796,3408,2370,1042,1904,4742,1904,1992,2760,1244,1342,1670,3920,1844,234,3078,2760,2198,2430,5220,2940,3786,982,564,3126,3456,2540,1574,838,4658,2366,3456,3456,3396,5220,5160,3912,3126,5868,1854,1878,1992,2516,4572,3342,4898,4238,4716,2894,5550,830,4512,2516,1760,1722,1490,1030,2516,2634,1662,1420,1938,2382,2382,2430
"57",31752,32041,28122,28233,31983,28115,31694,22746,26436,28240,22568,26489,31752,31870,26436,31812,22686,28062,22799,28004,28122,26318,28240,31865,31983,35249,34164,35082,31870,26607,31756,34904,21302,26433,31809,34970,34736,35256,35028,234,2992,2878,2878,1266,1926,4720,2578,5786,3518,1264,1546,4082,5600,1012,3320,622,0,1786,1786,234,2296,2956,4410,4786,3140,1456,2750,1752,3322,3808,1858,3470,2096,1004,2116,4630,1456,2378,3146,1282,720,2056,3982,1222,682,3140,2486,1924,2816,5282,3052,3848,944,352,3188,3518,2254,1126,1224,4720,2428,3518,3518,3458,5282,5222,3974,3188,5930,2116,1604,2378,2578,4634,3466,4960,4126,4778,2956,5612,1216,4574,2578,1486,2108,1876,1652,2578,2696,2048,1382,1664,2108,2108,2156
"58",31962,32422,28212,28614,32244,28496,32126,22836,26868,28732,23120,26750,31962,32422,26526,32244,23238,28272,23120,28094,28554,26810,28390,32126,32304,35630,34716,35172,32080,26928,31906,35456,21854,26754,32070,35120,35288,35748,35580,1612,2606,2606,2546,2422,2578,5042,3230,5226,2458,2582,2594,3402,5810,1730,2436,1400,1786,0,576,1552,3278,3608,5512,4294,3230,1222,2960,2482,4478,4868,2960,2630,2642,2322,1126,3744,906,2264,1982,1456,1786,952,4634,564,1514,3290,2912,2582,2582,4162,2606,3008,2382,1844,3278,3668,1260,1786,1282,5102,1428,2116,2398,2116,3880,5432,4956,3338,5150,1580,2382,712,3290,5016,4742,4120,4742,5220,3668,4712,1934,5016,2900,2264,1934,2204,2430,2960,3018,1934,2700,2382,1384,2594,2582
"59",32454,32572,28764,28764,32454,28646,32507,23388,27249,28993,23441,26960,32454,32743,27078,32625,23559,28764,23210,28646,28935,27071,28822,32336,32394,35780,35037,35724,32572,27018,32338,35777,22175,26844,32280,35552,35609,36009,35901,1726,2090,2204,2264,2308,2482,5606,3134,5058,2230,2816,2378,3294,5972,2174,2268,1574,1786,576,0,1786,3512,3512,5686,3892,3452,1774,3452,2752,4364,4478,3134,2402,3134,2556,550,3168,330,2426,1754,1714,2056,784,4538,906,1400,3392,3134,3146,2804,4054,2030,2780,2556,1730,3830,3770,1602,1870,1726,5546,1260,2572,2290,2632,4336,5594,5190,3770,4982,1238,2886,1228,3074,5460,4568,3892,4898,5724,3452,4604,2048,5520,3464,2768,2366,2108,2604,3404,3582,2426,2934,2826,1156,2696,3134
"60",31638,32098,27888,28290,31920,28172,31802,22512,26544,28408,22796,26426,31638,32098,26202,31920,22914,27948,22796,27770,28230,26486,28066,31802,31980,35306,34392,34848,31756,26604,31582,35132,21530,26430,31746,34796,34964,35424,35256,60,3052,3052,2992,1206,1692,4486,2344,5672,3344,1030,1372,3848,5486,838,3206,508,234,1552,1786,0,2062,2722,4296,4960,2906,1222,2636,1926,3262,3982,1744,3296,1982,770,2116,4630,1456,2264,2972,1456,894,1942,3748,1456,622,2966,2252,1690,2582,5048,3052,3674,830,292,2954,3344,2488,1126,1050,4546,2314,3344,3284,3344,5108,5108,3740,3014,5816,2350,1490,2264,2404,4460,3526,4786,4186,4664,2782,5378,1042,4460,2344,1372,1934,1642,1538,2404,2462,1934,1148,1490,1934,1934,1922
"61",31180,31640,27430,27832,31462,27714,31344,22054,26086,27950,22338,25968,31180,31640,25744,31462,22456,27490,22338,27312,27772,26028,27608,31344,31522,34848,33934,34390,31298,26146,31124,34674,21072,25972,31288,34338,34506,34966,34798,2122,3050,3050,2990,1204,1690,3975,1833,5108,1282,1032,2872,1786,3424,2900,2872,2234,2296,3278,3512,2062,0,660,2234,4958,2342,2948,2072,1924,3260,3980,1233,2785,1984,2323,3842,4628,3518,3428,2638,3182,2956,3668,3746,3518,2348,2402,2254,1692,2248,4537,3050,1612,2383,2354,892,1282,2486,3188,2776,4035,2312,1282,1222,1282,4544,4544,3176,952,3754,4076,2990,3481,1893,3896,3524,4784,4184,4100,720,4814,2206,3896,1833,2872,3151,2859,1204,1840,1951,3151,1150,3043,3487,3434,1924
"62",31180,31640,27430,27832,31462,27714,31344,22054,26086,27950,22338,25968,31180,31640,25744,31462,22456,27490,22338,27312,27772,26028,27608,31344,31522,34848,33934,34390,31298,26146,31124,34674,21072,25972,31288,34338,34506,34966,34798,2782,2390,2390,2330,1864,1030,3975,1173,4448,1282,1692,2212,1126,3754,2900,2212,2894,2956,3608,3512,2722,660,0,2894,4628,2672,2948,2072,1924,3920,3320,1893,2455,1984,2983,3512,4628,3518,3758,2308,3182,2956,3338,3086,3848,3008,2732,2584,1692,2578,4537,2390,1282,3043,3014,892,1612,2816,3188,2776,4035,2312,1612,1222,1612,4874,4874,3836,952,3424,3416,2990,3811,1233,3896,4184,4454,4184,4100,60,4484,2866,3896,1833,2872,3151,2199,1864,1840,1951,3151,1810,3043,3487,3764,1924
"63",30190,30650,26560,26842,30592,26724,30474,21184,25216,27020,21348,25098,30190,30650,24874,30592,21466,26500,21408,26442,26902,25098,26678,30474,30592,33858,32944,33520,30308,25216,30194,33684,20082,25042,30418,33408,33516,34036,33808,4296,4940,5000,5000,3438,3924,3761,4067,4550,3456,3266,5046,3796,3090,5074,4762,4112,4410,5512,5686,4296,2234,2894,0,4684,4576,5182,4186,4098,1382,2042,3347,4959,4098,4321,6016,4354,5692,5542,4812,5356,5130,5782,1868,5632,4346,4576,4488,3926,4482,4323,5000,3786,4261,4352,3126,3456,4600,5362,4950,3761,4426,3456,3456,3396,4270,4210,1298,3126,3420,5966,5104,5595,4067,1958,2954,4510,3850,3766,2894,4600,4380,1898,4067,4986,5325,5093,3082,4014,4185,5265,3148,5217,5661,5608,4158
"64",30236,30525,26546,26717,30407,26599,30118,21170,24860,26604,21052,24913,30236,30354,24860,30236,21170,26546,21163,26428,26546,24682,26604,30289,30347,33733,32648,33506,30354,24971,30120,33388,19786,24797,30233,33334,33220,33620,33512,4900,3380,3146,3206,3928,3598,2108,4250,1890,3896,5990,5222,4410,2254,4688,5436,5072,4786,4294,3892,4960,4958,4628,4684,0,4018,4392,4018,3364,3536,2972,4580,2968,5428,5730,3342,724,3898,5044,4372,4158,4396,3402,3206,4126,5072,3958,5428,5660,5422,1436,3320,3346,5730,5078,4396,4336,3094,4338,4564,2048,2926,4238,3956,4298,1718,1876,4188,4336,1264,4232,5400,4946,4190,3798,1904,174,1574,2226,4568,886,5546,3858,4250,5282,4984,5276,6102,4190,4368,5044,6108,5340,4550,4990,5428
"65",30900,31360,27150,27552,31182,27434,31064,21774,25806,27670,22058,25688,30900,31360,25464,31182,22176,27210,22058,27032,27492,25748,27328,31064,31242,34568,33654,34110,31018,25866,30844,34394,20792,25692,31008,34058,34226,34686,34518,2966,2880,2880,2820,2048,2204,3788,1976,4196,2720,3374,2644,3114,3322,3084,4200,3078,3140,3230,3452,2906,2342,2672,4576,4018,0,2668,1050,2108,4104,4494,1706,1474,3202,2796,2902,4568,3458,1086,3196,2902,3140,2728,4260,3470,3192,60,2152,3374,2146,4106,2880,2170,2856,3198,2110,1180,2438,2908,2960,3848,2252,2732,2660,2732,3754,2202,3278,2170,4312,3906,2432,3062,2036,3338,4368,3844,4368,3542,2732,3132,2308,3338,1646,2314,2500,3002,3546,1282,1764,2500,3492,2856,3056,1092,3142
"66",30740,31200,26990,27392,31022,27274,30904,21614,25646,27510,21898,25528,30740,31200,25304,31022,22016,27050,21898,26872,27332,25588,27168,30904,31082,34408,33494,33950,30858,25706,30684,34234,20632,25532,30848,33898,34066,34526,34358,1282,3254,3254,3194,2092,1918,4052,2570,5874,3656,2252,1934,4050,5248,740,3084,1070,1456,1222,1774,1222,2948,2948,5182,4392,2668,0,1738,1492,4148,4208,2630,2728,1420,1992,1224,4942,2104,1702,2080,234,796,1050,3974,1786,1184,2728,2350,1592,2020,5360,3254,3106,2052,1514,2056,3106,2482,564,292,4112,2626,3338,3596,3338,5102,4870,4626,2116,5248,2228,1392,1934,2630,4026,4412,4218,3752,4230,3008,4810,1604,4026,1910,1274,712,1544,2100,1970,2028,712,2370,1392,2582,2032,1360
"67",29850,30310,26220,26502,30252,26384,30134,20844,24876,26680,21008,24758,29850,30310,24534,30252,21126,26160,21068,26102,26562,24758,26338,30134,30252,33518,32604,33180,29968,24876,29854,33344,19742,24702,30078,33068,33176,33696,33468,2636,2820,2880,2880,1778,1604,2858,1376,4136,2720,3104,1984,3174,4252,2094,4140,2688,2750,2960,3452,2636,2072,2072,4186,4018,1050,1738,0,1118,3834,3834,1316,1474,2152,2526,2902,4568,3458,2016,3196,1912,2150,2668,3660,3080,2922,1050,3202,2444,3196,4166,2880,2170,2466,2928,1180,2170,2048,1918,1970,2858,2192,2402,2720,2342,3424,3132,3008,1180,4252,3846,1382,2672,1376,2348,3978,3844,3318,2492,2072,3192,1978,2288,716,1264,1510,2402,3156,292,834,1450,3222,1866,3056,2082,2212
"68",30120,30409,26430,26601,30291,26483,30002,21054,24744,26488,20936,24797,30120,30238,24744,30120,21054,26430,21047,26312,26430,24566,26488,30173,30231,33617,32532,33390,30238,24855,30004,33272,19670,24681,30117,33218,33104,33504,33396,1866,2020,1786,1846,894,894,3028,1546,4814,2756,2956,2518,3050,4628,1324,4076,2038,1752,2482,2752,1926,1924,1924,4098,3364,2108,1492,1118,0,2950,2716,1546,2048,2528,2696,2422,3868,2758,3134,3452,1258,1032,2482,2950,2314,2038,2048,3518,2296,3512,4580,1960,2426,2696,2044,1496,2426,1282,1438,1200,2968,1786,2426,2816,2486,4190,4250,3602,1436,4628,2872,2036,3134,1486,2882,3154,3538,2494,3146,1864,4250,2512,2942,886,1918,2084,2572,3068,826,1004,2144,3074,1976,3410,3080,2528
"69",29732,29850,25982,26042,29672,25924,29725,20606,24467,26331,20719,24178,29732,30021,24296,29843,20837,26042,20548,25864,26153,24409,26160,29554,29732,33058,32315,32942,29850,24356,29676,33055,19453,24182,29498,32890,32887,33347,33179,3322,3902,4076,4016,2056,2890,3236,3542,4422,4542,4292,4634,5046,4236,4100,6132,3434,3322,4478,4364,3262,3260,3920,1382,3536,4104,4148,3834,2950,0,894,2942,4494,5244,4032,4694,3032,4370,5190,5898,4208,3982,4868,834,4544,3200,4164,5514,4952,5508,3798,3902,4872,4092,3206,4152,4542,3512,4040,3976,3296,3512,4542,4482,4542,3858,3858,826,4212,4566,5102,4752,5190,3602,1546,1928,3536,2588,3414,3980,4128,3968,1546,3542,4634,4860,4568,4464,3602,3660,4860,4410,4752,5196,5196,5184
"70",29732,30021,26042,26213,29903,26095,29614,20666,24356,26100,20548,24409,29732,29850,24356,29732,20666,26042,20659,25924,26042,24178,26100,29785,29843,33229,32144,33002,29850,24467,29616,32884,19282,24293,29729,32830,32716,33116,33008,3922,3416,3182,3242,2950,2290,3296,2942,3762,4482,5012,3914,4446,4566,4040,5472,4094,3808,4868,4478,3982,3980,3320,2042,2972,4494,4208,3834,2716,894,0,3602,4104,5244,4752,4478,3146,4484,5520,5508,3974,3748,4538,234,4700,4094,4434,5904,5012,5898,3858,3356,4482,4752,4100,4212,4812,3668,4154,3916,3236,3512,4812,4542,4872,4128,4188,1546,4152,4236,4268,4752,5520,2882,1486,2762,3146,2762,3414,3260,3858,4568,1546,3602,4634,4800,3968,5124,3542,3720,4860,5130,4692,5136,5466,5244
"71",30742,31202,27112,27394,31144,27276,31026,21736,25768,27572,21900,25650,30742,31202,25426,31144,22018,27052,21960,26994,27454,25650,27230,31026,31144,34410,33496,34072,30860,25768,30746,34236,20634,25594,30970,33960,34068,34588,34360,1744,2612,2672,2672,886,1372,2862,720,4352,2455,2265,2176,3019,4537,2522,3985,1796,1858,2960,3134,1744,1233,1893,3347,4580,1706,2630,1316,1546,2942,3602,0,1612,3097,1210,3464,4250,3140,2672,3811,2804,2578,3230,3428,3080,2030,1706,3487,2925,3481,3424,2672,2785,1150,2036,2125,2455,2048,2810,2398,2862,1874,2455,2455,2395,3848,3788,2540,2125,4867,3638,2234,2248,720,3200,3086,4406,3746,3344,1893,4178,1510,3140,720,2116,1978,1746,2317,1144,838,1918,2383,1870,2314,2738,3157
"72",30900,31360,27210,27552,31242,27434,31124,21834,25866,27610,22058,25748,30900,31360,25524,31242,22176,27210,21998,27092,27552,25688,27268,31124,31182,34568,33654,34170,31018,25806,30784,34394,20792,25632,31068,33998,34226,34626,34518,3236,1890,1830,1890,2438,1934,3424,1282,3630,1723,3817,2678,2237,4365,3024,3263,3408,3470,2630,2402,3296,2785,2455,4959,2968,1474,2728,1474,2048,4494,4104,1612,0,3255,2762,1852,3518,2408,2500,2199,2842,3080,1738,3990,2810,3582,1414,3255,3487,3249,2752,1830,1173,2762,3588,2223,2163,1778,2848,2900,3364,1262,2065,1783,2125,3458,3616,4092,2163,3375,2916,2856,1978,1222,3702,4698,2794,4368,3966,2395,2626,3002,3762,1282,2738,2016,2308,3929,1646,1400,2076,3935,2372,1582,2446,3255
"73",31260,31720,27630,27912,31662,27794,31544,22254,26286,28090,22418,26168,31260,31720,25944,31662,22536,27570,22478,27512,27972,26168,27748,31544,31662,34928,34014,34590,31378,26286,31264,34754,21152,26112,31488,34478,34586,35106,34878,1982,4230,4290,4290,3188,3014,4639,3157,6288,2632,952,2072,3086,4164,1440,2324,2370,2096,2642,3134,1982,1984,1984,4098,5428,3202,1420,2152,2528,5244,5244,3097,3255,0,2243,2584,5978,2804,2440,1380,1594,1496,2350,5070,2426,2604,3202,1050,292,1380,5947,4290,2082,2183,2274,1092,2082,3458,1264,1652,4639,3602,2314,2632,2254,5576,5284,5160,1092,4164,3528,1470,2725,3157,4500,5388,5254,4728,4644,1984,5344,2402,4440,2497,1352,1563,2455,1340,2444,2615,1503,1070,1583,2773,2170,60
"74",31952,32412,28202,28604,32234,28486,32116,22826,26858,28722,23110,26740,31952,32412,26516,32234,23228,28262,23110,28084,28544,26800,28380,32116,32294,35620,34706,35162,32070,26918,31896,35446,21844,26744,32060,35110,35278,35738,35570,830,3598,3598,3538,1976,2462,3952,1810,5338,3605,1291,1262,3885,5747,1608,3243,1042,1004,2322,2556,770,2323,2983,4321,5730,2796,1992,2526,2696,4032,4752,1210,2762,2243,0,2886,5400,2226,2154,3233,2226,1664,2712,4518,2226,1156,2856,2513,1951,2843,4514,3598,3935,60,826,3215,3605,3258,1896,1820,4012,3084,3605,3545,3605,4998,4998,3630,3275,6077,2896,1380,1730,1870,4350,4060,5556,4956,4554,3043,5268,932,4350,1810,1262,1400,1108,1563,2294,1928,1400,1173,956,1400,1824,2183
"75",31904,32022,28214,28214,31904,28096,31957,22838,26699,28443,22891,26410,31904,32193,26528,32075,23009,28214,22660,28096,28385,26521,28272,31786,31844,35230,34487,35174,32022,26468,31788,35227,21625,26294,31730,35002,35059,35459,35351,2056,2090,2204,2264,2638,2482,5276,3134,5058,2780,3146,2378,3294,5422,1844,2268,1904,2116,1126,550,2116,3842,3512,6016,3342,2902,1224,2902,2422,4694,4478,3464,1852,2584,2886,0,3718,880,1876,1204,1164,1726,234,4538,1456,1730,2842,2584,2816,2254,4604,2030,2230,2886,2060,3280,3220,2152,1320,1396,5216,1810,3122,2840,3182,4886,5044,5520,3220,4432,1238,2556,1778,3074,5130,4898,3342,4568,5394,3452,4054,2378,5190,3134,2438,1816,2108,2934,3074,3252,1876,3264,2496,1706,2146,2584
"76",30786,30904,27096,27096,30786,26978,30839,21720,25581,27325,21773,25292,30786,31075,25410,30957,21891,27096,21542,26978,27267,25403,27154,30668,30726,34112,33369,34056,30904,25350,30670,34109,20507,25176,30612,33884,33941,34341,34233,4570,3206,3320,3380,3424,3598,2438,4250,1890,3346,5660,5222,4410,2804,5018,5436,4742,4630,3744,3168,4630,4628,4628,4354,724,4568,4942,4568,3868,3032,3146,4250,3518,5978,5400,3718,0,3174,5594,4922,4882,4900,3952,3206,3750,4568,4508,5978,5990,5972,886,3146,3896,5400,4574,4946,4886,2718,4714,4894,2378,2376,3688,3406,3748,1168,2426,3858,4886,1814,4406,5730,4396,4190,4128,1400,724,1730,2556,4568,1436,5216,4188,4580,5612,5534,5276,5772,4520,4698,5594,5778,5670,4000,5540,5978
"77",32460,32578,28770,28770,32460,28652,32513,23394,27255,28999,23447,26966,32460,32749,27084,32631,23565,28770,23216,28652,28941,27077,28828,32342,32400,35786,35043,35730,32578,27024,32344,35783,22181,26850,32286,35558,35615,36015,35907,1396,2096,2210,2270,2314,2488,5612,3140,5064,2236,2486,2048,3300,5978,1844,2598,1904,1456,906,330,1456,3518,3518,5692,3898,3458,2104,3458,2758,4370,4484,3140,2408,2804,2226,880,3174,0,2756,2084,2044,1726,1114,4544,576,1730,3398,2804,2816,3134,4060,2036,2786,2226,1400,3836,3776,1608,1540,2056,5552,1266,2578,2296,2638,4342,5600,5196,3776,4988,1568,2556,1558,3080,5466,4574,3898,4904,5730,3458,4610,2378,5526,3470,2438,2696,2438,2934,3410,3588,2756,2604,2496,826,2366,2804
"78",31866,32326,28236,28518,32268,28400,32150,22860,26892,28696,23024,26774,31866,32326,26550,32268,23142,28176,23084,28118,28578,26774,28354,32150,32268,35534,34620,35196,31984,26892,31870,35360,21758,26718,32094,35084,35192,35712,35484,2264,3846,3906,3906,3134,3290,4874,3062,5162,3746,2732,1942,4200,4288,2382,3114,1992,2378,2264,2426,2264,3428,3758,5542,5044,1086,1702,2016,3134,5190,5520,2672,2500,2440,2154,1876,5594,2756,0,2170,1876,2438,1642,5346,2708,2226,1086,1510,2732,1180,5192,3906,3196,2094,2556,3196,2206,3404,2206,1934,4874,3218,3758,3746,3698,4780,3168,4364,3196,5278,2820,1670,1976,3062,4364,5334,4870,5334,4508,3758,4218,1282,4304,2732,1552,1474,2036,2460,2308,2850,1414,2850,2154,2354,390,2500
"79",32304,32764,28614,28956,32646,28838,32528,23238,27270,29014,23462,27152,32304,32764,26928,32646,23580,28614,23402,28496,28956,27092,28672,32528,32586,35972,35058,35574,32422,27210,32188,35798,22196,27036,32472,35402,35630,36030,35922,2912,3294,3234,3294,3842,3338,5623,3481,5352,1576,1942,2672,2090,4218,2700,1064,2760,3146,1982,1754,2972,2638,2308,4812,4372,3196,2080,3196,3452,5898,5508,3811,2199,1380,3233,1204,4922,2084,2170,0,2194,2756,1090,5394,2486,2934,3136,1380,1612,1050,4951,3234,1026,3233,3264,2076,2016,3182,2524,2252,5563,2666,1918,1636,1978,5180,5338,5814,2016,3228,2268,2850,2125,3421,5424,6102,4198,5772,5688,2248,4348,2672,5484,3481,2732,2163,2455,1730,3368,3599,2223,2060,2843,2053,2440,1380
"80",30914,31203,27224,27395,31085,27277,30796,21848,25538,27282,21730,25591,30914,31032,25538,30914,21848,27224,21841,27106,27224,25360,27282,30967,31025,34411,33326,34184,31032,25649,30798,34066,20464,25475,30911,34012,33898,34298,34190,1396,3254,3020,3080,2152,2152,4286,2804,6048,3770,2486,2048,4284,5422,854,3258,1244,1282,1456,1714,1456,3182,3182,5356,4158,2902,234,1912,1258,4208,3974,2804,2842,1594,2226,1164,4882,2044,1876,2194,0,562,1224,4208,1612,1244,2842,2584,1826,2254,5594,3194,3220,2226,1574,2290,3220,2308,504,406,4226,2800,3452,3830,3512,5216,5044,4860,2230,5422,2054,1566,2108,2744,4140,4412,4332,3752,4404,3122,5044,1718,4200,2144,1448,826,1778,2274,2084,2262,886,2604,1506,2696,2146,1594
"81",31152,31441,27462,27633,31323,27515,31034,22086,25776,27520,21968,25829,31152,31270,25776,31152,22086,27462,22079,27344,27462,25598,27520,31205,31263,34649,33564,34422,31270,25887,31036,34304,20702,25713,31149,34250,34136,34536,34428,834,3052,2818,2878,1926,1926,4060,2578,5846,3788,1924,1486,4082,5660,292,3380,1342,720,1786,2056,894,2956,2956,5130,4396,3140,796,2150,1032,3982,3748,2578,3080,1496,1664,1726,4900,1726,2438,2756,562,0,1786,3982,1282,1342,3080,2486,1264,2816,5612,2992,3458,1664,1012,2528,3458,2314,406,504,4000,2818,3458,3848,3518,5222,5282,4634,2468,5660,2176,1004,2438,2518,3914,4186,4570,3526,4178,2896,5282,1816,3974,1918,886,1388,1876,2372,1858,2036,1448,2042,944,2378,2048,1496
"82",31670,32130,28040,28322,32072,28204,31954,22664,26696,28500,22828,26578,31670,32130,26354,32072,22946,27980,22888,27922,28382,26578,28158,31954,32072,35338,34424,35000,31788,26696,31674,35164,21562,26522,31898,34888,34996,35516,35288,1942,2204,2264,2264,2812,2308,5102,2960,4824,2666,2972,2264,3120,5188,1730,2034,1670,2056,952,784,1942,3668,3338,5782,3402,2728,1050,2668,2482,4868,4538,3230,1738,2350,2712,234,3952,1114,1642,1090,1224,1786,0,4364,1396,1904,2728,2410,2642,2080,4430,2264,2116,2652,2234,3106,3106,2092,1554,1282,5102,1576,3008,2666,2948,4772,4810,5346,3106,4198,1178,2322,1544,2960,5016,5012,3228,4682,5160,3338,3880,2264,4956,2960,2204,1702,1934,2700,2960,3078,1642,3090,2382,1592,2032,2410
"83",29558,30018,25808,26210,29840,26092,29722,20432,24464,26328,20716,24346,29558,30018,24122,29840,20834,25868,20716,25690,26150,24406,25986,29722,29900,33226,32312,32768,29676,24524,29502,33052,19450,24350,29666,32716,32884,33344,33176,3808,3416,3416,3356,2890,2056,3062,2708,3588,4368,4778,3800,4212,4392,3926,5298,3920,3982,4634,4538,3748,3746,3086,1868,3206,4260,3974,3660,2950,834,234,3428,3990,5070,4518,4538,3206,4544,5346,5394,4208,3982,4364,0,4874,4034,4320,5670,4778,5664,3624,3416,4368,4578,4040,3978,4698,3842,4214,3802,3122,3338,4698,4308,4698,4014,4014,1312,4038,4062,4442,4578,5346,2768,1372,2762,3032,2762,3240,3146,3624,4454,1372,3368,4460,4686,3734,4950,3428,3486,4686,4896,4578,5022,5352,5010
"84",32082,32371,28452,28563,32313,28445,32024,23076,26766,28570,22898,26819,32082,32200,26766,32142,23016,28392,23129,28334,28452,26648,28570,32195,32313,35579,34494,35412,32200,26937,32086,35234,21632,26763,32139,35300,35066,35586,35358,1456,2552,2438,2438,2488,2818,5282,3470,5346,2638,2486,2438,3642,5930,1574,2880,1844,1222,564,906,1456,3518,3848,5632,4126,3470,1786,3080,2314,4544,4700,3080,2810,2426,2226,1456,3750,576,2708,2486,1612,1282,1396,4874,0,1904,3470,2816,2486,3146,4402,2612,3188,2166,1574,3518,3848,1032,1456,1786,5282,1548,2296,2638,2236,4060,5552,5196,3518,5270,1676,2166,1156,3470,5196,4688,4300,4688,5340,3848,4952,2438,5136,3140,2048,2438,2768,2874,3140,3258,2378,2604,2226,1228,2438,2486
"85",31924,32042,28174,28234,31864,28116,31917,22798,26659,28523,22911,26370,31924,32213,26488,32035,23029,28234,22740,28056,28345,26601,28352,31746,31924,35250,34507,35134,32042,26548,31868,35247,21645,26374,31690,35082,35079,35539,35371,682,2766,2940,2880,1144,1978,4772,2630,5734,3630,1652,1994,3910,5772,1460,2944,234,682,1514,1400,622,2348,3008,4346,5072,3192,1184,2922,2038,3200,4094,2030,3582,2604,1156,1730,4568,1730,2226,2934,1244,1342,1904,4034,1904,0,3252,2874,2312,2544,5334,2766,3960,1216,330,3240,3630,2600,1400,1012,4832,2600,3630,3570,3630,5394,5394,4026,3300,6102,1914,2112,2226,2690,4746,3228,5072,4124,4950,3068,5664,1004,4746,2630,1994,1896,1604,1264,2690,2748,1896,1534,2112,2556,2556,2544
"86",30900,31360,27210,27552,31242,27434,31124,21834,25866,27610,22058,25748,30900,31360,25524,31242,22176,27210,21998,27092,27552,25688,27268,31124,31182,34568,33654,34170,31018,25806,30784,34394,20792,25632,31068,33998,34226,34626,34518,2906,2880,2820,2880,2108,2264,3848,2036,4196,2660,3434,2584,3174,3322,3024,4200,3078,3140,3290,3392,2966,2402,2732,4576,3958,60,2728,1050,2048,4164,4434,1706,1414,3202,2856,2842,4508,3398,1086,3136,2842,3080,2728,4320,3470,3252,0,2212,3434,2206,4166,2820,2110,2856,3258,2170,1120,2438,2848,2900,3788,2252,2672,2720,2732,3694,2202,3338,2110,4312,3906,2432,3062,1976,3278,4368,3784,4368,3542,2672,3192,2248,3338,1706,2314,2440,3062,3546,1222,1824,2500,3552,2796,2996,1032,3202
"87",32310,32770,28560,28962,32592,28844,32474,23184,27216,29080,23468,27098,32310,32770,26874,32592,23586,28620,23468,28442,28902,27158,28738,32474,32652,35978,35064,35520,32428,27276,32254,35804,22202,27102,32418,35468,35636,36096,35928,2312,4290,4290,4230,3458,3614,5569,3757,6348,2632,1222,2732,3026,3234,2430,2384,2760,2486,2912,3134,2252,2254,2584,4488,5428,2152,2350,3202,3518,5514,5904,3487,3255,1050,2513,2584,5978,2804,1510,1380,2584,2486,2410,5670,2816,2874,2212,0,1222,330,5887,4290,2082,2573,2544,2022,1092,3848,2254,2642,5629,3662,2644,2572,2644,5906,4354,5430,2082,4224,3588,2520,3115,3817,5490,5778,5254,5778,5694,2644,5284,2732,5490,3427,2402,2553,3055,1730,3434,3545,2553,1340,2573,2773,1180,990
"88",31552,32012,27802,28204,31834,28086,31716,22426,26458,28322,22710,26340,31552,32012,26116,31834,22828,27862,22710,27684,28144,26400,27980,31716,31894,35220,34306,34762,31670,26518,31496,35046,21444,26344,31660,34710,34878,35338,35170,1750,4082,4082,4022,2896,2722,4347,2865,6140,2644,660,1840,2818,4456,1208,2176,2198,1924,2582,3146,1690,1692,1692,3926,5660,3374,1592,2444,2296,4952,5012,2925,3487,292,1951,2816,5990,2816,2732,1612,1826,1264,2642,4778,2486,2312,3434,1222,0,1552,5899,4082,2314,2011,1982,1264,2314,3518,1496,1420,4407,3674,2314,2584,2314,5576,5576,4868,1324,4456,3380,1298,2785,2925,4268,5216,5486,4556,4472,1752,5516,2170,4268,2205,1180,1795,2163,1168,2212,2323,1795,778,1351,2785,2402,232
"89",32304,32764,28554,28956,32586,28838,32468,23178,27210,29074,23462,27092,32304,32764,26868,32586,23580,28614,23462,28436,28896,27152,28732,32468,32646,35972,35058,35514,32422,27270,32248,35798,22196,27096,32412,35462,35630,36090,35922,2642,4284,4284,4224,3452,3608,5563,3751,6342,2626,1552,3062,3020,3228,2760,2054,2430,2816,2582,2804,2582,2248,2578,4482,5422,2146,2020,3196,3512,5508,5898,3481,3249,1380,2843,2254,5972,3134,1180,1050,2254,2816,2080,5664,3146,2544,2206,330,1552,0,5881,4284,2076,2903,2874,2016,1086,3842,2584,2312,5623,3656,2638,2566,2638,5900,4348,5424,2076,4218,3258,2850,2785,3811,5484,5772,5248,5772,5688,2638,5278,2402,5484,3421,2732,2223,2725,1400,3428,3539,2223,1670,2903,3103,1510,1320
"90",30808,31268,27058,27460,31090,27342,30972,21682,25714,27578,21966,25596,30808,31268,25372,31090,22084,27118,21966,26940,27400,25656,27236,30972,31150,34476,33562,34018,30926,25774,30752,34302,20700,25600,30916,33966,34134,34594,34426,5108,4032,4032,3972,4190,4016,1552,3364,1488,3375,5569,4880,4319,2773,5556,5405,5220,5282,4162,4054,5048,4537,4537,4323,1436,4106,5360,4166,4580,3798,3858,3424,2752,5947,4514,4604,886,4060,5192,4951,5594,5612,4430,3624,4402,5334,4166,5887,5899,5881,0,4032,3925,4574,5340,4855,4915,3370,5600,5432,1612,2854,3717,3315,3717,826,2024,3396,4915,1783,5058,5328,3570,3424,3786,2226,1262,2556,2154,4597,974,4874,3786,3694,5210,4768,4390,5741,4178,3812,4768,5687,4904,3234,5198,5887
"91",31864,31982,28174,28174,31864,28056,31917,22798,26659,28403,22851,26370,31864,32153,26488,32035,22969,28174,22620,28056,28345,26481,28232,31746,31804,35190,34465,35152,31982,26428,31766,35205,21603,26272,31708,34962,35037,35419,35311,2992,60,174,234,1846,1360,4814,2012,3028,2208,4082,2984,1264,5400,3098,2290,2940,3052,2606,2030,3052,3050,2390,5000,3320,2880,3254,2880,1960,3902,3356,2672,1830,4290,3598,2030,3146,2036,3906,3234,3194,2992,2264,3416,2612,2766,2820,4290,4082,4284,4032,0,2208,3598,2772,3258,3198,1580,3026,2986,4754,1238,2550,2268,2610,4314,5022,4728,3198,4410,1260,3810,3258,1952,4668,3882,3320,4094,4920,2330,4032,3638,4728,2672,3704,3846,3038,3970,2612,2778,3906,3976,3750,2862,3852,4290
"92",31278,31738,27588,27930,31620,27812,31502,22212,26244,27988,22436,26126,31278,31738,25902,31620,22554,27588,22376,27470,27930,26066,27646,31502,31560,34946,34032,34548,31396,26184,31162,34772,21170,26010,31446,34376,34604,35004,34896,3614,2268,2208,2268,2816,2312,4597,2455,4326,550,2644,3374,1064,3192,3402,2090,3786,3848,3008,2780,3674,1612,1282,3786,3346,2170,3106,2170,2426,4872,4482,2785,1173,2082,3935,2230,3896,2786,3196,1026,3220,3458,2116,4368,3188,3960,2110,2082,2314,2076,3925,2208,0,3935,3966,1050,990,2156,3226,3278,4537,1640,892,610,952,4154,4312,4788,990,2202,3294,3552,3151,2395,4398,5076,3172,4746,4662,1222,3322,3698,4458,2455,3434,3189,3481,2756,2342,2573,3249,2762,3545,2755,3142,2082
"93",31892,32352,28262,28544,32294,28426,32176,22886,26918,28722,23050,26800,31892,32352,26576,32294,23168,28202,23110,28144,28604,26800,28380,32176,32294,35560,34646,35222,32010,26918,31896,35386,21784,26744,32120,35110,35218,35738,35510,830,3538,3598,3598,2036,2522,4012,1870,5278,3605,1351,1262,3945,5687,1608,3183,982,944,2382,2556,830,2383,3043,4261,5730,2856,2052,2466,2696,4092,4752,1150,2762,2183,60,2886,5400,2226,2094,3233,2226,1664,2652,4578,2166,1216,2856,2573,2011,2903,4574,3598,3935,0,886,3275,3605,3198,1896,1820,4012,3024,3605,3605,3545,4998,4938,3690,3275,6017,2836,1320,1670,1870,4350,4000,5556,4896,4494,3043,5328,932,4290,1870,1202,1400,1168,1503,2294,1988,1340,1233,956,1400,1824,2243
"94",31930,32048,28180,28240,31870,28122,31923,22804,26665,28529,22917,26376,31930,32219,26494,32041,23035,28240,22746,28062,28351,26607,28358,31752,31930,35256,34513,35140,32048,26554,31874,35253,21651,26380,31696,35088,35085,35545,35377,352,2772,2946,2886,1150,1984,4778,2636,5740,3636,1322,1664,3916,5778,1130,3274,564,352,1844,1730,292,2354,3014,4352,5078,3198,1514,2928,2044,3206,4100,2036,3588,2274,826,2060,4574,1400,2556,3264,1574,1012,2234,4040,1574,330,3258,2544,1982,2874,5340,2772,3966,886,0,3246,3636,2606,1070,1342,4838,2606,3636,3576,3636,5400,5400,4032,3306,6108,2244,1782,2556,2696,4752,3234,5078,4130,4956,3074,5670,1334,4752,2636,1664,2226,1934,1594,2696,2754,2226,1204,1782,2226,2226,2214
"95",30288,30748,26538,26940,30570,26822,30452,21162,25194,27058,21446,25076,30288,30748,24852,30570,21564,26598,21446,26420,26880,25136,26716,30452,30630,33956,33042,33498,30406,25254,30232,33782,20180,25080,30396,33446,33614,34074,33906,3014,3258,3258,3198,2096,1922,3547,2065,5316,1600,1924,3104,1994,3192,2472,3080,3126,3188,3278,3830,2954,892,892,3126,4396,2110,2056,1180,1496,4152,4212,2125,2223,1092,3215,3280,4946,3836,3196,2076,2290,2528,3106,3978,3518,3240,2170,2022,1264,2016,4855,3258,1050,3275,3246,0,1050,2486,2296,2348,3607,2630,1282,1540,1282,4544,4312,4068,60,3192,4284,2562,3481,2125,3468,4416,4222,3756,3672,952,4252,3098,3468,1405,2444,2259,3091,2096,1412,1523,2259,2042,2615,3805,3202,1032
"96",31278,31738,27588,27930,31620,27812,31502,22212,26244,27988,22436,26126,31278,31738,25902,31620,22554,27588,22376,27470,27930,26066,27646,31502,31560,34946,34032,34548,31396,26184,31162,34772,21170,26010,31446,34376,34604,35004,34896,3284,3258,3198,3258,2486,2642,4597,2785,5316,1540,2314,3704,2054,2202,3402,3080,3456,3518,3668,3770,3344,1282,1612,3456,4336,1180,3106,2170,2426,4542,4812,2455,2163,2082,3605,3220,4886,3776,2206,2016,3220,3458,3106,4698,3848,3630,1120,1092,2314,1086,4915,3198,990,3605,3636,1050,0,2816,3226,3278,4537,2630,1552,1600,1612,4814,3322,4458,990,3192,4284,3552,3811,2725,4398,4746,4162,4746,4662,1552,4312,3368,4458,2455,3434,3189,3811,2426,2342,2573,3249,2432,3545,3745,2152,2082
"97",31050,31339,27420,27531,31281,27413,30992,22044,25734,27538,21866,25787,31050,31168,25734,31110,21984,27360,22097,27302,27420,25616,27538,31163,31281,34547,33462,34380,31168,25905,31054,34202,20600,25731,31107,34268,34034,34554,34326,2488,1520,1406,1406,1456,1786,4250,2438,4314,1606,3518,3470,2610,4898,2606,3576,2540,2254,1260,1602,2488,2486,2816,4600,3094,2438,2482,2048,1282,3512,3668,2048,1778,3458,3258,2152,2718,1608,3404,3182,2308,2314,2092,3842,1032,2600,2438,3848,3518,3842,3370,1580,2156,3198,2606,2486,2816,0,2488,2482,4250,516,1264,1606,1204,3028,4520,4164,2486,4238,2372,3198,1852,2438,4164,3656,3268,3656,4308,2816,3920,3134,4104,2108,3080,3134,3464,3570,2108,2226,3074,3636,3258,2260,3470,3518
"98",30920,31038,27230,27230,30920,27112,30973,21854,25715,27459,21907,25426,30920,31209,25544,31091,22025,27230,21676,27112,27401,25537,27288,30802,30860,34246,33503,34190,31038,25484,30804,34243,20641,25310,30746,34018,34075,34475,34367,1066,3086,3200,3260,1984,2158,4292,2810,6054,3776,2156,1718,4290,5428,524,3588,1574,1126,1786,1870,1126,3188,3188,5362,4338,2908,564,1918,1438,4040,4154,2810,2848,1264,1896,1320,4714,1540,2206,2524,504,406,1554,4214,1456,1400,2848,2254,1496,2584,5600,3026,3226,1896,1070,2296,3226,2488,0,736,4232,2806,3458,3836,3518,5222,5050,4866,2236,5428,2558,1236,2438,2750,4146,4244,4338,3584,4410,3128,5050,2048,4206,2150,1118,1156,2108,2604,2090,2268,1216,2274,1176,2366,1816,1264
"99",30972,31432,27282,27624,31314,27506,31196,21906,25938,27682,22130,25820,30972,31432,25596,31314,22248,27282,22070,27164,27624,25760,27340,31196,31254,34640,33726,34242,31090,25878,30856,34466,20864,25704,31140,34070,34298,34698,34590,990,3046,2986,3046,1920,1746,3880,2398,5666,3608,2080,1642,3902,5480,448,2876,838,1224,1282,1726,1050,2776,2776,4950,4564,2960,292,1970,1200,3976,3916,2398,2900,1652,1820,1396,4894,2056,1934,2252,406,504,1282,3802,1786,1012,2900,2642,1420,2312,5432,2986,3278,1820,1342,2348,3278,2482,736,0,3820,2638,3278,3668,3338,5042,5102,4454,2288,5480,2020,1160,1934,2338,3734,4180,4390,3520,3998,2716,5102,1312,3794,1738,1042,884,1372,1868,1678,1856,944,2198,1100,2534,2204,1652
"100",29500,29960,25810,26152,29842,26034,29724,20434,24466,26210,20658,24348,29500,29960,24124,29842,20776,25810,20598,25692,26152,24288,25868,29724,29782,33168,32254,32770,29618,24406,29384,32994,19392,24232,29668,32598,32826,33226,33118,4486,4814,4754,4814,3688,3514,60,2862,2270,4867,5067,4258,5161,2455,3944,6187,4658,4720,5102,5546,4546,4035,4035,3761,2048,3848,4112,2858,2968,3296,3236,2862,3364,4639,4012,5216,2378,5552,4874,5563,4226,4000,5102,3122,5282,4832,3788,5629,4407,5623,1612,4754,4537,4012,4838,3607,4537,4250,4232,3820,0,4406,4537,4927,4597,1646,1706,2894,3547,2455,5840,3776,4450,2802,2174,1664,1874,1004,602,3975,1706,4252,2234,2202,3658,3400,3888,5179,2566,2320,3460,5185,3292,4726,4820,4639
"101",31194,31654,27564,27846,31596,27728,31478,22188,26220,28024,22352,26102,31194,31654,25878,31596,22470,27504,22412,27446,27906,26102,27682,31478,31596,34862,33948,34524,31312,26220,31198,34688,21086,26046,31422,34412,34520,35040,34812,2314,1178,1238,1238,1456,1282,4406,1934,3798,1090,3344,2966,2094,4712,2762,3060,2366,2428,1428,1260,2314,2312,2312,4426,2926,2252,2626,2192,1786,3512,3512,1874,1262,3602,3084,1810,2376,1266,3218,2666,2800,2818,1576,3338,1548,2600,2252,3662,3674,3656,2854,1238,1640,3024,2606,2630,2630,516,2806,2638,4406,0,1432,1090,1372,3196,4334,3990,2630,3722,2204,3354,2020,1934,4320,3656,2752,3986,4464,2312,3404,2960,4260,2264,3236,3278,2960,3396,2264,2382,3218,3462,3414,1744,3284,3662
"102",31510,31970,27820,28162,31852,28044,31734,22444,26476,28220,22668,26358,31510,31970,26134,31852,22786,27820,22608,27702,28162,26298,27878,31734,31792,35178,34264,34780,31628,26416,31394,35004,21402,26242,31678,34608,34836,35236,35128,3284,2610,2550,2610,2486,2642,4597,2785,4668,342,2314,3704,1406,3754,3402,2432,3456,3518,2116,2572,3344,1282,1612,3456,4238,2732,3338,2402,2426,4542,4812,2455,2065,2314,3605,3122,3688,2578,3758,1918,3452,3458,3008,4698,2296,3630,2672,2644,2314,2638,3717,2550,892,3605,3636,1282,1552,1264,3458,3278,4537,1432,0,402,60,3262,4874,4458,1222,3094,3636,3552,2259,2725,4398,4746,4064,4746,4662,1552,4214,3368,4458,2455,3434,3421,3811,2426,2342,2573,3481,2432,3545,2547,3704,2314
"103",31828,32288,28078,28480,32110,28362,31992,22702,26734,28598,22986,26616,31828,32288,26392,32110,23104,28138,22986,27960,28420,26676,28256,31992,32170,35496,34582,35038,31946,26794,31772,35322,21720,26620,31936,34986,35154,35614,35446,3344,2268,2268,2208,2426,2252,4867,2395,4326,60,2254,3434,1004,3742,3792,2090,3456,3518,2398,2290,3284,1222,1222,3456,3956,2660,3596,2720,2816,4482,4542,2455,1783,2632,3545,2840,3406,2296,3746,1636,3830,3848,2666,4308,2638,3570,2720,2572,2584,2566,3315,2268,610,3605,3576,1540,1600,1606,3836,3668,4927,1090,402,0,402,3664,4862,4398,1600,2752,3294,3882,2601,2455,4788,4746,3782,5076,4992,1282,3812,3428,4788,2725,3764,3799,3421,2426,2732,2843,3799,2372,3935,2265,3752,2572
"104",31450,31910,27820,28102,31852,27984,31734,22444,26476,28280,22608,26358,31450,31910,26134,31852,22726,27760,22668,27702,28162,26358,27938,31734,31852,35118,34204,34780,31568,26476,31454,34944,21342,26302,31678,34668,34776,35296,35068,3344,2550,2610,2610,2486,2642,4597,2785,4608,402,2314,3764,1406,3694,3462,2372,3396,3458,2116,2632,3344,1282,1612,3396,4298,2732,3338,2342,2486,4542,4872,2395,2125,2254,3605,3182,3748,2638,3698,1978,3512,3518,2948,4698,2236,3630,2732,2644,2314,2638,3717,2610,952,3545,3636,1282,1612,1204,3518,3338,4597,1372,60,402,0,3322,4814,4458,1282,3034,3576,3492,2199,2785,4458,4686,4124,4686,4602,1612,4214,3428,4398,2455,3374,3481,3811,2366,2402,2573,3421,2432,3605,2607,3764,2314
"105",30490,30950,26800,27142,30832,27024,30714,21424,25456,27200,21648,25338,30490,30950,25114,30832,21766,26800,21588,26682,27142,25278,26858,30714,30772,34158,33244,33760,30608,25396,30374,33984,20382,25222,30658,33588,33816,34216,34108,5048,4374,4314,4374,4250,4406,1706,4178,1406,3604,5576,4726,4668,2732,5166,5694,5220,5282,3880,4336,5108,4544,4874,4270,1718,3754,5102,3424,4190,3858,4128,3848,3458,5576,4998,4886,1168,4342,4780,5180,5216,5222,4772,4014,4060,5394,3694,5906,5576,5900,826,4314,4154,4998,5400,4544,4814,3028,5222,5042,1646,3196,3262,3664,3322,0,1612,3032,4484,2072,5400,4574,3652,4118,2972,2226,1544,2226,1400,4814,952,4390,3032,3848,4456,4814,5204,5688,3364,3966,4874,5694,4938,3940,4726,5576
"106",30198,30658,26568,26850,30600,26732,30482,21192,25224,27028,21356,25106,30198,30658,24882,30600,21474,26508,21416,26450,26910,25106,26686,30482,30600,33866,32952,33528,30316,25224,30202,33692,20090,25050,30426,33416,33524,34044,33816,5108,4962,5022,5022,4250,4406,1706,4178,1994,4862,5576,4786,5316,1120,5226,6282,5160,5222,5432,5594,5108,4544,4874,4210,1876,2202,4870,3132,4250,3858,4188,3788,3616,5284,4998,5044,2426,5600,3168,5338,5044,5282,4810,4014,5552,5394,2202,4354,5576,4348,2024,5022,4312,4938,5400,4312,3322,4520,5050,5102,1706,4334,4874,4862,4814,1612,0,3032,4312,2110,5988,4514,5144,4178,3032,2166,1702,2166,1340,4874,1050,4450,2972,3848,4396,4642,5204,5628,3424,3966,4582,5694,4998,5198,3234,5344
"107",29754,30214,26004,26406,30036,26288,29918,20628,24660,26524,20912,24542,29754,30214,24318,30036,21030,26064,20912,25886,26346,24602,26182,29918,30096,33422,32508,32964,29872,24720,29698,33248,19646,24546,29862,32912,33080,33540,33372,3800,4728,4728,4668,2882,3368,2834,3140,3596,4458,4208,3808,4962,4152,4578,6048,3912,3974,4956,5190,3740,3176,3836,1298,4188,3278,4626,3008,3602,826,1546,2540,4092,5160,3630,5520,3858,5196,4364,5814,4860,4634,5346,1312,5196,4026,3338,5430,4868,5424,3396,4728,4788,3690,4032,4068,4458,4164,4866,4454,2894,3990,4458,4398,4458,3032,3032,0,4128,4482,5754,3926,4788,3200,720,2754,4014,3414,2588,3896,3302,3142,720,3140,3808,4458,4166,4380,2776,3258,4458,4326,4350,4794,4370,5100
"108",30288,30748,26598,26940,30630,26822,30512,21222,25254,26998,21446,25136,30288,30748,24912,30630,21564,26598,21386,26480,26940,25076,26656,30512,30570,33956,33042,33558,30406,25194,30172,33782,20180,25020,30456,33386,33614,34014,33906,2954,3258,3198,3258,2156,1982,3607,2125,5316,1540,1984,3044,2054,3192,2412,3080,3126,3188,3338,3770,3014,952,952,3126,4336,2170,2116,1180,1436,4212,4152,2125,2163,1092,3275,3220,4886,3776,3196,2016,2230,2468,3106,4038,3518,3300,2110,2082,1324,2076,4915,3198,990,3275,3306,60,990,2486,2236,2288,3547,2630,1222,1600,1282,4484,4312,4128,0,3192,4284,2562,3481,2065,3408,4416,4162,3756,3672,892,4312,3038,3468,1465,2444,2199,3151,2096,1352,1583,2259,2102,2555,3745,3142,1092
"109",30576,31036,26946,27228,30978,27110,30860,21570,25602,27406,21734,25484,30576,31036,25260,30978,21852,26886,21794,26828,27288,25484,27064,30860,30978,34244,33330,33906,30694,25602,30580,34070,20468,25428,30804,33794,33902,34422,34194,5816,4350,4410,4410,4958,4454,2455,4597,2124,2752,4786,5576,3206,990,5604,4172,5868,5930,5150,4982,5816,3754,3424,3420,1264,4312,5248,4252,4628,4566,4236,4867,3375,4164,6077,4432,1814,4988,5278,3228,5422,5660,4198,4062,5270,6102,4312,4224,4456,4218,1783,4410,2202,6017,6108,3192,3192,4238,5428,5480,2455,3722,3094,2752,3034,2072,2110,4482,3192,0,5376,5634,5233,4597,4152,2874,1090,2544,2460,3424,1180,5900,4092,4597,5516,5391,5623,4838,4544,4715,5331,4904,5747,4957,5344,4224
"110",32830,33119,29200,29311,33061,29193,32772,23824,27514,29318,23646,27567,32830,32948,27514,32890,23764,29140,23877,29082,29200,27396,29318,32943,33061,36327,35260,36178,32948,27685,32852,36000,22398,27529,32905,36048,35832,36334,36106,2350,1200,1086,1086,3046,2386,5840,3038,3994,3294,3380,2342,2290,6366,2456,1204,1854,2116,1580,1238,2350,4076,3416,5966,4232,3906,2228,3846,2872,5102,4268,3638,2916,3528,2896,1238,4406,1568,2820,2268,2054,2176,1178,4442,1676,1914,3906,3588,3380,3258,5058,1260,3294,2836,2244,4284,4284,2372,2558,2020,5840,2204,3636,3294,3576,5400,5988,5754,4284,5376,0,3048,2172,3038,5754,5022,4406,5234,5886,3416,5058,2672,5694,3698,2942,2880,2012,2884,3698,3804,2820,3274,3108,2220,3210,3588
"111",31000,31460,27370,27652,31402,27534,31284,21994,26026,27830,22158,25908,31000,31460,25684,31402,22276,27310,22218,27252,27712,25908,27488,31284,31402,34668,33986,34562,31118,26026,31236,34726,21124,26084,31460,34218,34558,34846,34618,1490,3750,3810,3810,2696,2522,3776,2294,5066,3882,1958,838,4104,5634,712,3342,1878,1604,2382,2886,1490,2990,2990,5104,5400,2432,1392,1382,2036,4752,4752,2234,2856,1470,1380,2556,5730,2556,1670,2850,1566,1004,2322,4578,2166,2112,2432,2520,1298,2850,5328,3810,3552,1320,1782,2562,3552,3198,1236,1160,3776,3354,3552,3882,3492,4574,4514,3926,2562,5634,3048,0,2094,2294,3266,4896,5226,4000,3174,2990,4574,1168,3206,1634,118,1164,1592,2346,1210,1516,1104,2076,484,2154,1400,1530
"112",32098,32558,28468,28750,32500,28632,32382,23092,27124,28928,23256,27006,32098,32558,26782,32500,23374,28408,23316,28350,28810,27006,28586,32382,32500,35766,34852,35428,32216,27124,32102,35592,21990,26950,32326,35316,35424,35944,35716,2264,3198,3258,3258,3134,3290,4450,2638,4938,2601,2785,2366,3605,5893,2382,2519,1992,2378,712,1228,2264,3481,3811,5595,4946,3062,1934,2672,3134,5190,5520,2248,1978,2725,1730,1778,4396,1558,1976,2125,2108,2438,1544,5346,1156,2226,3062,3115,2785,2785,3570,3258,3151,1670,2556,3481,3811,1852,2438,1934,4450,2020,2259,2601,2199,3652,5144,4788,3481,5233,2172,2094,0,2638,4788,5334,4772,5334,4932,3811,4544,1706,4728,2308,1976,1282,1612,2513,2732,2426,1222,2903,1730,732,2366,2785
"113",30802,31262,27112,27454,31144,27336,31026,21736,25768,27512,21960,25650,30802,31262,25426,31144,22078,27112,21900,26994,27454,25590,27170,31026,31084,34470,33556,34072,30920,25708,30686,34296,20694,25534,30970,33900,34128,34528,34420,2344,2012,1952,2012,1546,712,2862,60,3752,2395,2925,1456,2359,4927,2462,3385,2516,2578,3290,3074,2404,1893,1233,4067,4190,2036,2630,1376,1486,3602,2882,720,1222,3157,1870,3074,4190,3080,3062,3421,2744,2518,2960,2768,3470,2690,1976,3817,2925,3811,3424,1952,2395,1870,2696,2125,2725,2438,2750,2338,2802,1934,2725,2455,2785,4118,4178,3200,2065,4597,3038,2294,2638,0,3140,3806,4016,3806,3404,1173,3848,2110,3200,720,2176,1918,1086,3037,1084,838,1978,3043,1810,2254,3008,3157
"114",29094,29554,25404,25746,29436,25628,29318,20028,24060,25804,20252,23942,29094,29554,23718,29436,20370,25404,20192,25286,25746,23882,25462,29318,29376,32762,31848,32364,29212,24000,28978,32588,18986,23826,29262,32192,32420,32820,32712,4400,4728,4668,4728,3602,3428,2234,3200,3596,4728,4928,3748,5022,4152,3858,6048,4572,4634,5016,5460,4460,3896,3896,1958,3798,3338,4026,2348,2882,1546,1486,3200,3702,4500,4350,5130,4128,5466,4364,5424,4140,3914,5016,1372,5196,4746,3278,5490,4268,5484,3786,4668,4398,4350,4752,3468,4398,4164,4146,3734,2174,4320,4398,4788,4458,2972,3032,720,3408,4152,5754,3266,4788,3140,0,3414,3624,2754,1928,3836,3032,3742,60,2540,3148,3738,4226,5040,2056,2658,3798,5046,3630,5064,4310,4500
"115",30196,30314,26566,26506,30256,26388,30309,21190,25051,26855,21183,24762,30196,30485,24880,30427,21301,26506,21072,26448,26737,24933,26684,30138,30256,33522,32779,33526,30314,24880,30200,33519,19917,24706,30082,33414,33351,33871,33643,3526,3822,4056,4056,2320,3154,1664,3806,2506,4746,4556,4838,5086,2544,4304,6052,3342,3466,4742,4568,3526,3524,4184,2954,1904,4368,4412,3978,3154,1928,2762,3086,4698,5388,4060,4898,1400,4574,5334,6102,4412,4186,5012,2762,4688,3228,4368,5778,5216,5772,2226,3882,5076,4000,3234,4416,4746,3656,4244,4180,1664,3656,4746,4746,4686,2226,2166,2754,4416,2874,5022,4896,5334,3806,3414,0,1904,896,1722,4184,2556,4172,3354,3806,4778,5064,4832,4372,3806,3924,5004,4438,4956,5400,5400,5448
"116",30062,30522,26372,26714,30404,26596,30286,20996,25028,26772,21220,24910,30062,30522,24686,30404,21338,26372,21160,26254,26714,24850,26430,30286,30344,33730,32816,33332,30180,24968,29946,33556,19954,24794,30230,33160,33388,33788,33680,4726,3380,3320,3380,3928,3424,1934,4076,1716,3722,5816,5048,4236,2080,4514,5262,4898,4960,4120,3892,4786,4784,4454,4510,174,3844,4218,3844,3538,3536,3146,4406,2794,5254,5556,3342,724,3898,4870,4198,4332,4570,3228,3032,4300,5072,3784,5254,5486,5248,1262,3320,3172,5556,5078,4222,4162,3268,4338,4390,1874,2752,4064,3782,4124,1544,1702,4014,4162,1090,4406,5226,4772,4016,3624,1904,0,1574,2052,4394,712,5372,3684,4076,5108,4810,5102,5928,4016,4194,4870,5934,5166,4376,4816,5254
"117",29304,29422,25674,25614,29364,25496,29417,20298,24159,25963,20291,23870,29304,29593,23988,29535,20409,25614,20180,25556,25845,24041,25792,29246,29364,32630,32119,32866,29422,23988,29540,32859,19257,24046,29422,32522,32691,32979,32751,4186,4034,4268,4268,2980,3154,1004,3806,2718,5076,5216,4838,5298,2544,3408,6264,4238,4126,4742,4898,4186,4184,4184,3850,1574,4368,3752,3318,2494,2588,2762,3746,4368,4728,4956,4568,1730,4904,5334,5772,3752,3526,4682,2762,4688,4124,4368,5778,4556,5772,2556,4094,4746,4896,4130,3756,4746,3656,3584,3520,1004,3986,4746,5076,4686,2226,2166,3414,3756,2544,5234,4000,5334,3806,2754,896,1574,0,826,4184,2226,4832,2694,3146,4118,4404,4832,5268,3146,3028,4344,5334,4060,5730,5400,4788
"118",29326,29786,25696,25978,29728,25860,29610,20320,24352,26156,20484,24234,29326,29786,24010,29728,20602,25636,20544,25578,26038,24234,25814,29610,29728,32994,32312,32888,29444,24352,29562,33052,19450,24410,29786,32544,32884,33172,32944,4664,4860,4920,4920,3806,3632,602,3404,1892,4992,5132,4012,5214,2460,3886,6180,4716,4778,5220,5724,4664,4100,4100,3766,2226,3542,4230,2492,3146,3414,3414,3344,3966,4644,4554,5394,2556,5730,4508,5688,4404,4178,5160,3240,5340,4950,3542,5694,4472,5688,2154,4920,4662,4494,4956,3672,4662,4308,4410,3998,602,4464,4662,4992,4602,1400,1340,2588,3672,2460,5886,3174,4932,3404,1928,1722,2052,826,0,4100,1400,4006,1868,2744,3292,4002,4430,5184,2320,2626,3942,5250,3658,5328,4574,4704
"119",31180,31640,27490,27832,31522,27714,31404,22114,26146,27890,22338,26028,31180,31640,25804,31522,22456,27490,22278,27372,27832,25968,27548,31404,31462,34848,33934,34450,31298,26086,31064,34674,21072,25912,31348,34278,34506,34906,34798,2722,2390,2330,2390,1924,1090,4035,1233,4448,1222,1752,2152,1186,3754,2840,2212,2894,2956,3668,3452,2782,720,60,2894,4568,2732,3008,2072,1864,3980,3260,1893,2395,1984,3043,3452,4568,3458,3758,2248,3122,2896,3338,3146,3848,3068,2672,2644,1752,2638,4597,2330,1222,3043,3074,952,1552,2816,3128,2716,3975,2312,1552,1282,1612,4814,4874,3896,892,3424,3416,2990,3811,1173,3836,4184,4394,4184,4100,0,4544,2806,3896,1893,2872,3091,2259,1864,1780,2011,3151,1870,2983,3427,3704,1984
"120",30258,30718,26508,26910,30540,26792,30422,21132,25164,27028,21416,25046,30258,30718,24822,30540,21534,26568,21416,26390,26850,25106,26686,30422,30600,33926,33012,33468,30376,25224,30202,33752,20150,25050,30366,33416,33584,34044,33876,5438,4032,4032,3972,4520,4016,1646,3788,1064,3872,5846,4456,4266,2170,5226,5352,5550,5612,4712,4604,5378,4814,4484,4600,886,3132,4810,3192,4250,4128,3858,4178,2626,5344,5268,4054,1436,4610,4218,4348,5044,5282,3880,3624,4952,5664,3192,5284,5516,5278,974,4032,3322,5328,5670,4252,4312,3920,5050,5102,1706,3404,4214,3812,4214,952,1050,3302,4312,1180,5058,4574,4544,3848,3032,2556,712,2226,1400,4544,0,4780,3032,3788,4456,4642,4814,6018,3424,3906,4642,5964,4998,4208,4224,5284
"121",31828,32288,28138,28480,32170,28362,32052,22762,26794,28538,22986,26676,31828,32288,26452,32170,23104,28138,22926,28020,28480,26616,28196,32052,32110,35496,34582,35098,31946,26734,31712,35322,21720,26560,31996,34926,35154,35554,35446,982,3698,3638,3698,1912,2398,4312,2170,5014,3368,1510,990,3992,5570,1760,2966,830,1216,1934,2048,1042,2206,2866,4380,5546,2308,1604,1978,2512,3968,4568,1510,3002,2402,932,2378,5216,2378,1282,2672,1718,1816,2264,4454,2438,1004,2248,2732,2170,2402,4874,3638,3698,932,1334,3098,3368,3134,2048,1312,4252,2960,3368,3428,3428,4390,4450,3142,3038,5900,2672,1168,1706,2110,3742,4172,5372,4832,4006,2806,4780,0,3802,2170,1050,1316,1144,1298,1686,2288,1376,1628,1532,1976,1552,2402
"122",29034,29494,25404,25686,29436,25568,29318,20028,24060,25864,20192,23942,29034,29494,23718,29436,20310,25344,20252,25286,25746,23942,25522,29318,29436,32702,31788,32364,29152,24060,29038,32528,18926,23886,29262,32252,32360,32880,32652,4460,4668,4728,4728,3602,3428,2234,3200,3536,4788,4928,3808,5022,4092,3918,5988,4512,4574,5016,5520,4460,3896,3896,1898,3858,3338,4026,2288,2942,1546,1546,3140,3762,4440,4350,5190,4188,5526,4304,5484,4200,3974,4956,1372,5136,4746,3338,5490,4268,5484,3786,4728,4458,4290,4752,3468,4458,4104,4206,3794,2234,4260,4458,4788,4398,3032,2972,720,3468,4092,5694,3206,4728,3200,60,3354,3684,2694,1868,3896,3032,3802,0,2540,3088,3798,4226,4980,2116,2658,3738,5046,3690,5124,4370,4500
"123",30142,30602,26392,26794,30424,26676,30306,21016,25048,26912,21300,24930,30142,30602,24706,30424,21418,26452,21300,26274,26734,24990,26570,30306,30484,33810,32896,33352,30260,25108,30086,33636,20034,24934,30250,33300,33468,33928,33760,2404,2672,2672,2612,1486,1312,2142,660,4412,2785,2865,2176,2959,4597,1862,4045,2516,2578,2900,3464,2344,1833,1833,4067,4250,1646,1910,716,886,3542,3602,720,1282,2497,1810,3134,4580,3470,2732,3481,2144,1918,2960,3368,3140,2630,1706,3427,2205,3421,3694,2672,2455,1870,2636,1405,2455,2108,2150,1738,2202,2264,2455,2725,2455,3848,3848,3140,1465,4597,3698,1634,2308,720,2540,3806,4076,3146,2744,1893,3788,2170,2540,0,1516,1318,1686,3037,484,118,1318,2983,1210,2644,2738,2437
"124",31114,31574,27484,27766,31516,27648,31398,22108,26140,27944,22272,26022,31114,31574,25798,31516,22390,27424,22332,27366,27826,26022,27602,31398,31516,34782,33868,34444,31232,26140,31118,34608,21006,25966,31342,34332,34440,34960,34732,1372,3644,3704,3704,2578,2404,3658,2176,4960,3764,1840,720,3998,5516,830,3236,1760,1486,2264,2768,1372,2872,2872,4986,5282,2314,1274,1264,1918,4634,4634,2116,2738,1352,1262,2438,5612,2438,1552,2732,1448,886,2204,4460,2048,1994,2314,2402,1180,2732,5210,3704,3434,1202,1664,2444,3434,3080,1118,1042,3658,3236,3434,3764,3374,4456,4396,3808,2444,5516,2942,118,1976,2176,3148,4778,5108,4118,3292,2872,4456,1050,3088,1516,0,1046,1474,2228,1092,1634,986,1958,602,2036,1282,1412
"125",30936,31396,27246,27588,31278,27470,31160,21870,25902,27646,22094,25784,30936,31396,25560,31278,22212,27246,22034,27128,27588,25724,27304,31160,31218,34604,33690,34206,31054,25842,30820,34430,20828,25668,31104,34034,34262,34662,34554,1874,3906,3846,3906,2804,2630,3460,1978,5646,3739,2455,1646,4253,5391,1332,3227,1722,2108,1934,2366,1934,3151,3151,5325,4984,2500,712,1510,2084,4860,4800,1978,2016,1563,1400,1816,5534,2696,1474,2163,826,1388,1702,4686,2438,1896,2440,2553,1795,2223,4768,3846,3189,1400,2226,2259,3189,3134,1156,884,3400,3278,3421,3799,3481,4814,4642,4458,2199,5391,2880,1164,1282,1918,3738,5064,4810,4404,4002,3091,4642,1316,3798,1318,1046,0,952,2243,1682,1436,60,2573,680,1870,1744,1563
"126",31828,32288,28078,28480,32110,28362,31992,22702,26734,28598,22986,26616,31828,32288,26392,32110,23104,28138,22986,27960,28420,26676,28256,31992,32170,35496,34582,35038,31946,26794,31772,35322,21720,26620,31936,34986,35154,35614,35446,1702,3038,3038,2978,2512,1678,3828,1026,4778,3481,2163,814,3325,5953,1820,2359,1490,1876,2204,2108,1642,2859,2199,5093,5276,3002,1544,2402,2572,4568,3968,1746,2308,2455,1108,2108,5276,2438,2036,2455,1778,1876,1934,3734,2768,1604,3062,3055,2163,2725,4390,3038,3481,1168,1934,3091,3811,3464,2108,1372,3888,2960,3811,3421,3811,5204,5204,4166,3151,5623,2012,1592,1612,1086,4226,4832,5102,4832,4430,2259,4814,1144,4226,1686,1474,952,0,2011,2170,1804,952,2281,1168,1612,2366,2395
"127",32264,32724,28634,28916,32666,28798,32548,23258,27290,29094,23422,27172,32264,32724,26948,32666,23540,28574,23482,28516,28976,27172,28752,32548,32666,35932,35018,35594,32382,27290,32268,35758,22156,27116,32492,35482,35590,36110,35882,1538,3910,3970,3970,2408,2894,5179,3037,5968,2426,508,2288,2766,4508,2316,1680,1030,1652,2430,2604,1538,1204,1864,3082,6102,3546,2100,3156,3068,4464,5124,2317,3929,1340,1563,2934,5772,2934,2460,1730,2274,2372,2700,4950,2874,1264,3546,1730,1168,1400,5741,3970,2756,1503,1594,2096,2426,3570,2604,1868,5179,3396,2426,2426,2366,5688,5628,4380,2096,4838,2884,2346,2513,3037,5040,4372,5928,5268,5184,1864,6018,1298,4980,3037,2228,2243,2011,0,2984,3155,2183,390,2459,2903,2850,1400
"128",30142,30602,26452,26794,30484,26676,30366,21076,25108,26852,21300,24990,30142,30602,24766,30484,21418,26452,21240,26334,26794,24930,26510,30366,30424,33810,32896,33412,30260,25048,30026,33636,20034,24874,30310,33240,33468,33868,33760,2344,2672,2612,2672,1546,1372,2626,1144,3988,2672,2872,1692,2966,4544,1802,3992,2516,2578,2960,3404,2404,1840,1840,4014,4190,1282,1970,292,826,3602,3542,1144,1646,2444,2294,3074,4520,3410,2308,3368,2084,1858,2960,3428,3140,2690,1222,3434,2212,3428,4178,2612,2342,2294,2696,1412,2342,2108,2090,1678,2566,2264,2342,2732,2402,3364,3424,2776,1352,4544,3698,1210,2732,1084,2056,3806,4016,3146,2320,1780,3424,1686,2116,484,1092,1682,2170,2984,0,602,1742,2990,1574,3008,2254,2444
"129",30028,30488,26278,26680,30310,26562,30192,20902,24934,26798,21186,24816,30028,30488,24592,30310,21304,26338,21186,26160,26620,24876,26456,30192,30370,33696,33014,33470,30146,24994,30204,33754,20152,25052,30368,33186,33586,33814,33646,2522,2778,2778,2718,1604,1430,2260,778,4518,2903,2983,2294,3065,4715,1744,4151,2634,2696,3018,3582,2462,1951,1951,4185,4368,1764,2028,834,1004,3660,3720,838,1400,2615,1928,3252,4698,3588,2850,3599,2262,2036,3078,3486,3258,2748,1824,3545,2323,3539,3812,2778,2573,1988,2754,1523,2573,2226,2268,1856,2320,2382,2573,2843,2573,3966,3966,3258,1583,4715,3804,1516,2426,838,2658,3924,4194,3028,2626,2011,3906,2288,2658,118,1634,1436,1804,3155,602,0,1436,3101,1092,2762,2856,2555
"130",30876,31336,27246,27528,31278,27410,31160,21870,25902,27706,22034,25784,30876,31336,25560,31278,22152,27186,22094,27128,27588,25784,27364,31160,31278,34544,33630,34206,30994,25902,30880,34370,20768,25728,31104,34094,34202,34722,34494,1934,3846,3906,3906,2804,2630,3460,1978,5586,3799,2455,1706,4253,5331,1392,3167,1662,2048,1934,2426,1934,3151,3151,5265,5044,2500,712,1450,2144,4860,4860,1918,2076,1503,1400,1876,5594,2756,1414,2223,886,1448,1642,4686,2378,1896,2500,2553,1795,2223,4768,3906,3249,1340,2226,2259,3249,3074,1216,944,3460,3218,3481,3799,3421,4874,4582,4458,2259,5331,2820,1104,1222,1978,3798,5004,4870,4344,3942,3151,4642,1376,3738,1318,986,60,952,2183,1742,1436,0,2573,740,1930,1804,1563
"131",32330,32790,28580,28982,32612,28864,32494,23204,27236,29100,23488,27118,32330,32790,26894,32612,23606,28640,23488,28462,28922,27178,28758,32494,32672,35998,35084,35540,32448,27296,32274,35824,22222,27122,32438,35488,35656,36116,35948,1208,3976,3976,3916,2354,2840,5125,2983,6034,2432,118,1958,2712,4574,1986,2070,1420,1382,2700,2934,1148,1150,1810,3148,6108,3492,2370,3222,3074,4410,5130,2383,3935,1070,1173,3264,5778,2604,2850,2060,2604,2042,3090,4896,2604,1534,3552,1340,778,1670,5687,3976,2762,1233,1204,2042,2432,3636,2274,2198,5185,3462,2432,2372,2432,5694,5694,4326,2102,4904,3274,2076,2903,3043,5046,4438,5934,5334,5250,1870,5964,1628,5046,2983,1958,2573,2281,390,2990,3101,2573,0,2129,2573,2520,1010
"132",31060,31520,27370,27712,31402,27594,31284,21994,26026,27770,22218,25908,31060,31520,25684,31402,22336,27370,22158,27252,27712,25848,27428,31284,31342,34728,34046,34562,31178,25966,31176,34786,21184,26024,31460,34158,34618,34786,34678,1430,3810,3750,3810,2696,2522,3352,1870,5550,3875,2011,1202,4157,5747,652,3455,1938,1664,2382,2826,1490,3043,3043,5217,5340,2856,1392,1866,1976,4752,4692,1870,2372,1583,956,2496,5670,2496,2154,2843,1506,944,2382,4578,2226,2112,2796,2573,1351,2903,4904,3750,3545,956,1782,2615,3545,3258,1176,1100,3292,3414,3545,3935,3605,4938,4998,4350,2555,5747,3108,484,1730,1810,3630,4956,5166,4060,3658,2983,4998,1532,3690,1210,602,680,1168,2459,1574,1092,740,2129,0,1670,1764,1583
"133",32482,32942,28792,29134,32824,29016,32706,23416,27448,29192,23640,27330,32482,32942,27106,32824,23758,28792,23580,28674,29134,27270,28850,32706,32764,36150,35236,35752,32600,27388,32366,35976,22374,27214,32650,35580,35808,36208,36100,1874,2922,2862,2922,3140,2966,4786,2314,4662,2205,2455,1646,3269,5947,2322,2567,2382,2108,1384,1156,1934,3487,3487,5661,4550,3056,2582,3056,3410,5196,5136,2314,1582,2773,1400,1706,4000,826,2354,2053,2696,2378,1592,5022,1228,2556,2996,2773,2785,3103,3234,2862,2755,1400,2226,3805,3745,2260,2366,2534,4726,1744,2547,2265,2607,3940,5198,4794,3745,4957,2220,2154,732,2254,5064,5400,4376,5730,5328,3427,4208,1976,5124,2644,2036,1870,1612,2903,3008,2762,1930,2573,1670,0,1964,2773
"134",31932,32392,28242,28584,32274,28466,32156,22866,26898,28642,23090,26780,31932,32392,26556,32274,23208,28242,23030,28124,28584,26720,28300,32156,32214,35600,34686,35202,32050,26838,31816,35426,21824,26664,32100,35030,35258,35658,35550,1874,3912,3852,3912,3140,3296,4880,3068,5228,3692,2402,1552,4206,4354,1992,3504,2382,2108,2594,2696,1934,3434,3764,5608,4990,1092,2032,2082,3080,5196,5466,2738,2446,2170,1824,2146,5540,2366,390,2440,2146,2048,2032,5352,2438,2556,1032,1180,2402,1510,5198,3852,3142,1824,2226,3202,2152,3470,1816,2204,4820,3284,3704,3752,3764,4726,3234,4370,3142,5344,3210,1400,2366,3008,4310,5400,4816,5400,4574,3704,4224,1552,4370,2738,1282,1744,2366,2850,2254,2856,1804,2520,1764,1964,0,2170
"135",31320,31780,27570,27972,31602,27854,31484,22194,26226,28090,22478,26108,31320,31780,25884,31602,22596,27630,22478,27452,27912,26168,27748,31484,31662,34988,34074,34530,31438,26286,31264,34814,21212,26112,31428,34478,34646,35106,34938,1982,4290,4290,4230,3128,2954,4579,3097,6348,2632,892,2072,3026,4224,1440,2384,2430,2156,2582,3134,1922,1924,1924,4158,5428,3142,1360,2212,2528,5184,5244,3157,3255,60,2183,2584,5978,2804,2500,1380,1594,1496,2410,5010,2486,2544,3202,990,232,1320,5887,4290,2082,2243,2214,1032,2082,3518,1264,1652,4639,3662,2314,2572,2314,5576,5344,5100,1092,4224,3588,1530,2785,3157,4500,5448,5254,4788,4704,1984,5284,2402,4500,2437,1412,1563,2395,1400,2444,2555,1563,1010,1583,2773,2170,0
